id,task_id,test_attempt_id,answer,datetime_started,time_spent
1,1,28,D,05.03.2024 13:04:27,951
2,2,28,B,05.03.2024 13:20:18,84
3,3,28,B,05.03.2024 13:21:42,50
4,4,28,D,05.03.2024 13:22:32,923
5,5,28,D,05.03.2024 13:37:55,397
6,6,28,C,05.03.2024 13:44:32,357
7,7,28,D,05.03.2024 13:50:29,481
8,8,28,D,05.03.2024 13:58:30,321
9,9,28,A,05.03.2024 14:03:51,181
10,10,28,A,05.03.2024 14:06:52,851
11,11,28,,05.03.2024 14:21:03,
12,1,145,A,06.03.2024 0:15:44,894
13,2,145,A,06.03.2024 0:30:38,306
14,3,145,C,06.03.2024 0:35:44,722
15,4,145,B,06.03.2024 0:47:46,389
16,5,145,B,06.03.2024 0:54:15,653
17,6,145,,06.03.2024 1:05:08,
18,1,144,C,06.03.2024 17:06:26,390
19,2,144,B,06.03.2024 17:12:56,338
20,3,144,C,06.03.2024 17:18:34,280
21,4,144,,06.03.2024 17:23:14,
22,1,142,B,06.03.2024 23:41:07,986
23,2,142,D,06.03.2024 23:57:33,216
24,3,142,C,07.03.2024 0:01:09,190
25,4,142,A,07.03.2024 0:04:19,331
26,5,142,D,07.03.2024 0:09:50,439
27,6,142,D,07.03.2024 0:17:09,395
28,7,142,A,07.03.2024 0:23:44,267
29,8,142,A,07.03.2024 0:28:11,231
30,9,142,A,07.03.2024 0:32:02,264
31,10,142,C,07.03.2024 0:36:26,538
32,11,142,D,07.03.2024 0:45:24,199
33,12,142,C,07.03.2024 0:48:43,625
34,13,142,C,07.03.2024 0:59:08,257
35,14,142,D,07.03.2024 1:03:25,586
36,15,142,A,07.03.2024 1:13:11,785
37,16,142,B,07.03.2024 1:26:16,23
38,17,142,A,07.03.2024 1:26:39,899
39,18,142,C,07.03.2024 1:41:38,566
40,19,142,D,07.03.2024 1:51:04,963
41,20,142,B,07.03.2024 2:07:07,926
42,21,142,,07.03.2024 2:22:33,
43,1,29,A,07.03.2024 23:45:34,808
44,2,29,A,07.03.2024 23:59:02,311
45,3,29,A,08.03.2024 0:04:13,359
46,4,29,B,08.03.2024 0:10:12,127
47,5,29,D,08.03.2024 0:12:19,551
48,6,29,C,08.03.2024 0:21:30,211
49,7,29,B,08.03.2024 0:25:01,583
50,8,29,A,08.03.2024 0:34:44,353
51,9,29,D,08.03.2024 0:40:37,672
52,10,29,A,08.03.2024 0:51:49,803
53,11,29,C,08.03.2024 1:05:12,367
54,12,29,C,08.03.2024 1:11:19,741
55,13,29,C,08.03.2024 1:23:40,894
56,14,29,D,08.03.2024 1:38:34,608
57,15,29,C,08.03.2024 1:48:42,134
58,16,29,D,08.03.2024 1:50:56,778
59,17,29,D,08.03.2024 2:03:54,915
60,18,29,C,08.03.2024 2:19:09,78
61,19,29,B,08.03.2024 2:20:27,11
62,20,29,A,08.03.2024 2:20:38,885
63,21,29,D,08.03.2024 2:35:23,903
64,22,29,A,08.03.2024 2:50:26,695
65,23,29,A,08.03.2024 3:02:01,363
66,24,29,A,08.03.2024 3:08:04,390
67,25,29,D,08.03.2024 3:14:34,787
68,26,29,A,08.03.2024 3:27:41,454
69,27,29,D,08.03.2024 3:35:15,722
70,1,21,D,08.03.2024 18:32:49,77
71,2,21,A,08.03.2024 18:34:06,636
72,3,21,B,08.03.2024 18:44:42,491
73,4,21,A,08.03.2024 18:52:53,498
74,5,21,B,08.03.2024 19:01:11,332
75,6,21,B,08.03.2024 19:06:43,655
76,7,21,B,08.03.2024 19:17:38,663
77,8,21,C,08.03.2024 19:28:41,816
78,9,21,B,08.03.2024 19:42:17,747
79,10,21,C,08.03.2024 19:54:44,621
80,11,21,D,08.03.2024 20:05:05,570
81,12,21,D,08.03.2024 20:14:35,66
82,13,21,C,08.03.2024 20:15:41,131
83,14,21,D,08.03.2024 20:17:52,868
84,15,21,C,08.03.2024 20:32:20,164
85,16,21,B,08.03.2024 20:35:04,819
86,17,21,D,08.03.2024 20:48:43,388
87,18,21,A,08.03.2024 20:55:11,155
88,19,21,B,08.03.2024 20:57:46,455
89,20,21,C,08.03.2024 21:05:21,463
90,21,21,B,08.03.2024 21:13:04,153
91,22,21,B,08.03.2024 21:15:37,547
92,23,21,B,08.03.2024 21:24:44,700
93,24,21,C,08.03.2024 21:36:24,461
94,25,21,B,08.03.2024 21:44:05,860
95,26,21,D,08.03.2024 21:58:25,550
96,27,21,C,08.03.2024 22:07:35,691
97,1,22,B,10.03.2024 23:11:29,187
98,2,22,A,10.03.2024 23:14:36,842
99,3,22,B,10.03.2024 23:28:38,411
100,4,22,A,10.03.2024 23:35:29,706
101,5,22,B,10.03.2024 23:47:15,501
102,6,22,C,10.03.2024 23:55:36,469
103,7,22,C,11.03.2024 0:03:25,176
104,8,22,D,11.03.2024 0:06:21,661
105,9,22,B,11.03.2024 0:17:22,260
106,10,22,B,11.03.2024 0:21:42,506
107,11,22,B,11.03.2024 0:30:08,419
108,12,22,D,11.03.2024 0:37:07,573
109,13,22,A,11.03.2024 0:46:40,714
110,14,22,B,11.03.2024 0:58:34,534
111,15,22,C,11.03.2024 1:07:28,664
112,16,22,B,11.03.2024 1:18:32,739
113,17,22,A,11.03.2024 1:30:51,597
114,1,147,C,11.03.2024 1:39:35,52
115,2,147,D,11.03.2024 1:40:27,453
116,18,22,D,11.03.2024 1:40:48,301
117,19,22,C,11.03.2024 1:45:49,819
118,3,147,B,11.03.2024 1:48:00,720
119,20,22,C,11.03.2024 1:59:28,967
120,4,147,A,11.03.2024 2:00:00,126
121,5,147,A,11.03.2024 2:02:06,551
122,6,147,A,11.03.2024 2:11:17,945
123,21,22,B,11.03.2024 2:15:35,988
124,7,147,A,11.03.2024 2:27:02,140
125,8,147,B,11.03.2024 2:29:22,744
126,22,22,B,11.03.2024 2:32:03,60
127,23,22,B,11.03.2024 2:33:03,306
128,24,22,C,11.03.2024 2:38:09,242
129,9,147,C,11.03.2024 2:41:46,446
130,25,22,C,11.03.2024 2:42:11,373
131,26,22,C,11.03.2024 2:48:24,141
132,10,147,B,11.03.2024 2:49:12,833
133,27,22,A,11.03.2024 2:50:45,334
134,11,147,D,11.03.2024 3:03:05,312
135,12,147,D,11.03.2024 3:08:17,72
136,13,147,B,11.03.2024 3:09:29,827
137,14,147,D,11.03.2024 3:23:16,619
138,15,147,D,11.03.2024 3:33:35,30
139,16,147,A,11.03.2024 3:34:05,320
140,17,147,A,11.03.2024 3:39:25,322
141,18,147,D,11.03.2024 3:44:47,128
142,19,147,D,11.03.2024 3:46:55,613
143,20,147,A,11.03.2024 3:57:08,709
144,21,147,B,11.03.2024 4:08:57,567
145,22,147,B,11.03.2024 4:18:24,553
146,23,147,A,11.03.2024 4:27:37,410
147,24,147,C,11.03.2024 4:34:27,112
148,25,147,C,11.03.2024 4:36:19,886
149,26,147,A,11.03.2024 4:51:05,650
150,27,147,C,11.03.2024 5:01:55,947
151,1,24,B,11.03.2024 7:17:39,978
152,2,24,D,11.03.2024 7:33:57,425
153,3,24,D,11.03.2024 7:41:02,217
154,4,24,C,11.03.2024 7:44:39,94
155,5,24,A,11.03.2024 7:46:13,145
156,6,24,B,11.03.2024 7:48:38,286
157,7,24,A,11.03.2024 7:53:24,967
158,8,24,A,11.03.2024 8:09:31,390
159,9,24,D,11.03.2024 8:16:01,235
160,10,24,A,11.03.2024 8:19:56,289
161,11,24,A,11.03.2024 8:24:45,686
162,12,24,A,11.03.2024 8:36:11,250
163,13,24,B,11.03.2024 8:40:21,381
164,14,24,A,11.03.2024 8:46:42,778
165,15,24,D,11.03.2024 8:59:40,448
166,16,24,B,11.03.2024 9:07:08,240
167,17,24,B,11.03.2024 9:11:08,668
168,18,24,D,11.03.2024 9:22:16,191
169,19,24,A,11.03.2024 9:25:27,36
170,20,24,A,11.03.2024 9:26:03,990
171,21,24,D,11.03.2024 9:42:33,504
172,22,24,D,11.03.2024 9:50:57,809
173,23,24,A,11.03.2024 10:04:26,312
174,24,24,A,11.03.2024 10:09:38,242
175,25,24,B,11.03.2024 10:13:40,529
176,26,24,D,11.03.2024 10:22:29,404
177,27,24,A,11.03.2024 10:29:13,360
178,1,23,B,11.03.2024 11:44:42,556
179,2,23,B,11.03.2024 11:53:58,785
180,3,23,C,11.03.2024 12:07:03,399
181,4,23,B,11.03.2024 12:13:42,628
182,5,23,B,11.03.2024 12:24:10,620
183,6,23,B,11.03.2024 12:34:30,790
184,7,23,C,11.03.2024 12:47:40,811
185,8,23,D,11.03.2024 13:01:11,817
186,9,23,B,11.03.2024 13:14:48,509
187,10,23,D,11.03.2024 13:23:17,636
188,11,23,C,11.03.2024 13:33:53,71
189,12,23,D,11.03.2024 13:35:04,72
190,13,23,A,11.03.2024 13:36:16,1000
191,14,23,D,11.03.2024 13:52:56,758
192,15,23,A,11.03.2024 14:05:34,459
193,16,23,D,11.03.2024 14:13:13,97
194,17,23,A,11.03.2024 14:14:50,395
195,18,23,B,11.03.2024 14:21:25,295
196,19,23,B,11.03.2024 14:26:20,89
197,20,23,B,11.03.2024 14:27:49,486
198,21,23,B,11.03.2024 14:35:55,640
199,22,23,A,11.03.2024 14:46:35,565
200,23,23,C,11.03.2024 14:56:00,435
201,24,23,C,11.03.2024 15:03:15,398
202,25,23,C,11.03.2024 15:09:53,886
203,26,23,B,11.03.2024 15:24:39,823
204,27,23,C,11.03.2024 15:38:22,558
205,1,27,A,11.03.2024 21:02:21,83
206,2,27,C,11.03.2024 21:03:44,600
207,3,27,D,11.03.2024 21:13:44,170
208,4,27,C,11.03.2024 21:16:34,890
209,5,27,C,11.03.2024 21:31:24,773
210,6,27,A,11.03.2024 21:44:17,706
211,7,27,A,11.03.2024 21:56:03,229
212,8,27,D,11.03.2024 21:59:52,534
213,9,27,D,11.03.2024 22:08:46,171
214,10,27,A,11.03.2024 22:11:37,829
215,11,27,C,11.03.2024 22:25:26,995
216,12,27,A,11.03.2024 22:42:01,134
217,13,27,B,11.03.2024 22:44:15,926
218,14,27,B,11.03.2024 22:59:41,420
219,15,27,B,11.03.2024 23:06:41,160
220,16,27,D,11.03.2024 23:09:21,284
221,17,27,B,11.03.2024 23:14:05,713
222,18,27,B,11.03.2024 23:25:58,110
223,19,27,B,11.03.2024 23:27:48,506
224,20,27,D,11.03.2024 23:36:14,557
225,21,27,D,11.03.2024 23:45:31,334
226,22,27,D,11.03.2024 23:51:05,984
227,23,27,C,12.03.2024 0:07:29,358
228,24,27,D,12.03.2024 0:13:27,60
229,25,27,D,12.03.2024 0:14:27,553
230,26,27,B,12.03.2024 0:23:40,749
231,27,27,B,12.03.2024 0:36:09,242
232,2,101,A,01.06.2024 13:35:17,26
233,6,101,A,01.06.2024 13:35:43,586
234,17,101,A,01.06.2024 13:45:29,353
235,27,101,C,01.06.2024 13:51:22,676
236,29,101,B,01.06.2024 14:02:38,659
237,33,101,C,01.06.2024 14:13:37,202
238,44,101,B,01.06.2024 14:16:59,983
239,54,101,D,01.06.2024 14:33:22,750
240,73,101,D,01.06.2024 14:45:52,814
241,2,115,,02.06.2024 13:19:19,
242,6,115,D,02.06.2024 13:19:19,212
243,17,115,D,02.06.2024 13:22:51,910
244,27,115,B,02.06.2024 13:38:01,40
245,29,115,C,02.06.2024 13:38:41,467
246,33,115,A,02.06.2024 13:46:28,357
247,44,115,B,02.06.2024 13:52:25,501
248,54,115,,02.06.2024 14:00:46,
249,2,223,B,03.06.2024 11:57:16,459
250,6,223,B,03.06.2024 12:04:55,294
251,17,223,B,03.06.2024 12:09:49,611
252,27,223,C,03.06.2024 12:20:00,511
253,29,223,A,03.06.2024 12:28:31,342
254,33,223,D,03.06.2024 12:34:13,742
255,44,223,B,03.06.2024 12:46:35,724
256,54,223,C,03.06.2024 12:58:39,697
257,73,223,,03.06.2024 13:10:16,
258,2,221,C,04.06.2024 2:45:42,43
259,6,221,D,04.06.2024 2:46:25,329
260,17,221,C,04.06.2024 2:51:54,686
261,27,221,D,04.06.2024 3:03:20,636
262,29,221,A,04.06.2024 3:13:56,494
263,33,221,A,04.06.2024 3:22:10,720
264,44,221,A,04.06.2024 3:34:10,355
265,54,221,A,04.06.2024 3:40:05,914
266,73,221,D,04.06.2024 3:55:19,919
267,2,227,C,04.06.2024 18:25:02,652
268,6,227,B,04.06.2024 18:35:54,444
269,17,227,C,04.06.2024 18:43:18,612
270,27,227,B,04.06.2024 18:53:30,116
271,29,227,B,04.06.2024 18:55:26,49
272,33,227,C,04.06.2024 18:56:15,941
273,44,227,C,04.06.2024 19:11:56,213
274,54,227,C,04.06.2024 19:15:29,147
275,73,227,A,04.06.2024 19:17:56,109
276,2,117,B,04.06.2024 23:00:20,831
277,6,117,D,04.06.2024 23:14:11,117
278,17,117,D,04.06.2024 23:16:08,380
279,27,117,B,04.06.2024 23:22:28,547
280,29,117,D,04.06.2024 23:31:35,192
281,33,117,D,04.06.2024 23:34:47,611
282,44,117,A,04.06.2024 23:44:58,200
283,54,117,A,04.06.2024 23:48:18,555
284,73,117,,04.06.2024 23:57:33,
285,2,105,D,05.06.2024 7:18:29,714
286,6,105,A,05.06.2024 7:30:23,548
287,17,105,B,05.06.2024 7:39:31,250
288,27,105,B,05.06.2024 7:43:41,515
289,29,105,A,05.06.2024 7:52:16,942
290,33,105,A,05.06.2024 8:07:58,943
291,44,105,D,05.06.2024 8:23:41,746
292,54,105,B,05.06.2024 8:36:07,110
293,73,105,C,05.06.2024 8:37:57,339
294,2,225,,05.06.2024 23:30:16,
295,6,225,B,05.06.2024 23:30:16,142
296,17,225,D,05.06.2024 23:32:38,541
297,27,225,C,05.06.2024 23:41:39,83
298,29,225,A,05.06.2024 23:43:02,365
299,33,225,D,05.06.2024 23:49:07,263
300,44,225,C,05.06.2024 23:53:30,316
301,54,225,,05.06.2024 23:58:46,
302,2,107,D,06.06.2024 2:59:24,315
303,6,107,D,06.06.2024 3:04:39,741
304,17,107,C,06.06.2024 3:17:00,765
305,27,107,C,06.06.2024 3:29:45,569
306,29,107,B,06.06.2024 3:39:14,438
307,33,107,B,06.06.2024 3:46:32,857
308,44,107,C,06.06.2024 4:00:49,990
309,54,107,D,06.06.2024 4:17:19,97
310,73,107,B,06.06.2024 4:18:56,980
311,2,219,A,06.06.2024 10:21:53,524
312,6,219,C,06.06.2024 10:30:37,324
313,17,219,C,06.06.2024 10:36:01,219
314,27,219,A,06.06.2024 10:39:40,615
315,29,219,C,06.06.2024 10:49:55,306
316,33,219,A,06.06.2024 10:55:01,640
317,44,219,A,06.06.2024 11:05:41,613
318,54,219,D,06.06.2024 11:15:54,471
319,73,219,B,06.06.2024 11:23:45,170
320,2,113,D,06.06.2024 21:13:33,291
321,6,113,C,06.06.2024 21:18:24,247
322,17,113,B,06.06.2024 21:22:31,121
323,27,113,A,06.06.2024 21:24:32,422
324,29,113,D,06.06.2024 21:31:34,413
325,33,113,D,06.06.2024 21:38:27,582
326,44,113,C,06.06.2024 21:48:09,240
327,54,113,C,06.06.2024 21:52:09,667
328,73,113,C,06.06.2024 22:03:16,279
329,2,109,D,07.06.2024 16:06:19,939
330,6,109,D,07.06.2024 16:21:58,483
331,17,109,D,07.06.2024 16:30:01,880
332,27,109,D,07.06.2024 16:44:41,550
333,29,109,C,07.06.2024 16:53:51,120
334,33,109,,07.06.2024 16:55:51,
335,2,233,A,07.06.2024 20:19:54,703
336,6,233,D,07.06.2024 20:31:37,503
337,17,233,A,07.06.2024 20:40:00,1000
338,27,233,A,07.06.2024 20:56:40,42
339,29,233,B,07.06.2024 20:57:22,716
340,33,233,B,07.06.2024 21:09:18,415
341,44,233,B,07.06.2024 21:16:13,933
342,54,233,A,07.06.2024 21:31:46,180
343,73,233,A,07.06.2024 21:34:46,216
344,9,127,A,21.06.2024 11:13:32,153
345,20,127,A,21.06.2024 11:16:05,162
346,23,127,A,21.06.2024 11:18:47,384
347,36,127,B,21.06.2024 11:25:11,781
348,47,127,C,21.06.2024 11:38:12,325
349,50,127,B,21.06.2024 11:43:37,475
350,55,127,,21.06.2024 11:51:32,
351,9,133,B,21.06.2024 12:20:52,508
352,20,133,B,21.06.2024 12:29:20,396
353,23,133,C,21.06.2024 12:35:56,203
354,36,133,D,21.06.2024 12:39:19,690
355,47,133,C,21.06.2024 12:50:49,633
356,50,133,D,21.06.2024 13:01:22,624
357,55,133,C,21.06.2024 13:11:46,597
358,63,133,B,21.06.2024 13:21:43,452
359,9,11,D,22.06.2024 6:01:21,502
360,20,11,A,22.06.2024 6:09:43,556
361,23,11,B,22.06.2024 6:18:59,601
362,36,11,C,22.06.2024 6:29:00,346
363,47,11,,22.06.2024 6:34:46,
364,9,3,A,22.06.2024 7:42:26,364
365,20,3,A,22.06.2024 7:48:30,784
366,23,3,C,22.06.2024 8:01:34,305
367,36,3,A,22.06.2024 8:06:39,825
368,47,3,C,22.06.2024 8:20:24,858
369,50,3,C,22.06.2024 8:34:42,656
370,55,3,B,22.06.2024 8:45:38,73
371,63,3,A,22.06.2024 8:46:51,702
372,9,121,B,23.06.2024 0:49:18,896
373,20,121,D,23.06.2024 1:04:14,762
374,23,121,A,23.06.2024 1:16:56,270
375,36,121,B,23.06.2024 1:21:26,682
376,47,121,,23.06.2024 1:32:48,
377,9,15,C,23.06.2024 1:48:07,51
378,20,15,B,23.06.2024 1:48:58,192
379,23,15,B,23.06.2024 1:52:10,348
380,36,15,A,23.06.2024 1:57:58,259
381,47,15,C,23.06.2024 2:02:17,909
382,50,15,,23.06.2024 2:17:26,
383,9,17,,23.06.2024 18:11:45,
384,20,17,C,23.06.2024 18:11:45,676
385,23,17,B,23.06.2024 18:23:01,82
386,36,17,D,23.06.2024 18:24:23,246
387,47,17,,23.06.2024 18:28:29,
388,9,119,D,24.06.2024 1:20:38,875
389,20,119,D,24.06.2024 1:35:13,14
390,23,119,C,24.06.2024 1:35:27,411
391,36,119,A,24.06.2024 1:42:18,447
392,47,119,C,24.06.2024 1:49:45,355
393,50,119,,24.06.2024 1:55:40,
394,9,123,A,24.06.2024 12:34:34,437
395,20,123,,24.06.2024 12:41:51,
396,9,1,A,24.06.2024 13:25:31,808
397,20,1,A,24.06.2024 13:38:59,563
398,23,1,B,24.06.2024 13:48:22,961
399,36,1,B,24.06.2024 14:04:23,968
400,47,1,B,24.06.2024 14:20:31,34
401,50,1,C,24.06.2024 14:21:05,67
402,55,1,C,24.06.2024 14:22:12,833
403,63,1,B,24.06.2024 14:36:05,253
404,9,13,C,25.06.2024 6:23:42,353
405,20,13,B,25.06.2024 6:29:35,401
406,23,13,D,25.06.2024 6:36:16,169
407,36,13,D,25.06.2024 6:39:05,300
408,47,13,A,25.06.2024 6:44:05,236
409,50,13,C,25.06.2024 6:48:01,530
410,55,13,D,25.06.2024 6:56:51,430
411,63,13,A,25.06.2024 7:04:01,747
412,9,19,D,26.06.2024 2:13:28,476
413,20,19,A,26.06.2024 2:21:24,964
414,23,19,D,26.06.2024 2:37:28,68
415,36,19,,26.06.2024 2:38:36,
416,9,125,A,26.06.2024 18:32:30,272
417,20,125,A,26.06.2024 18:37:02,130
418,23,125,B,26.06.2024 18:39:12,600
419,36,125,A,26.06.2024 18:49:12,338
420,47,125,B,26.06.2024 18:54:50,667
421,50,125,C,26.06.2024 19:05:57,302
422,55,125,A,26.06.2024 19:10:59,725
423,63,125,C,26.06.2024 19:23:04,849
424,9,129,A,27.06.2024 17:32:52,53
425,20,129,D,27.06.2024 17:33:45,184
426,23,129,D,27.06.2024 17:36:49,140
427,36,129,C,27.06.2024 17:39:09,401
428,47,129,D,27.06.2024 17:45:50,275
429,50,129,B,27.06.2024 17:50:25,209
430,55,129,A,27.06.2024 17:53:54,726
431,63,129,A,27.06.2024 18:06:00,900
432,9,7,D,27.06.2024 19:08:58,498
433,20,7,B,27.06.2024 19:17:16,207
434,23,7,A,27.06.2024 19:20:43,308
435,36,7,A,27.06.2024 19:25:51,734
436,47,7,B,27.06.2024 19:38:05,151
437,50,7,A,27.06.2024 19:40:36,548
438,55,7,C,27.06.2024 19:49:44,601
439,63,7,B,27.06.2024 19:59:45,482
440,9,5,B,28.06.2024 3:08:49,806
441,20,5,D,28.06.2024 3:22:15,350
442,23,5,A,28.06.2024 3:28:05,848
443,36,5,D,28.06.2024 3:42:13,508
444,47,5,B,28.06.2024 3:50:41,934
445,50,5,C,28.06.2024 4:06:15,814
446,55,5,D,28.06.2024 4:19:49,748
447,63,5,A,28.06.2024 4:32:17,251
448,9,9,B,28.06.2024 7:44:44,998
449,20,9,D,28.06.2024 8:01:22,131
450,23,9,A,28.06.2024 8:03:33,162
451,36,9,A,28.06.2024 8:06:15,942
452,47,9,B,28.06.2024 8:21:57,438
453,50,9,B,28.06.2024 8:29:15,401
454,55,9,B,28.06.2024 8:35:56,528
455,63,9,B,28.06.2024 8:44:44,817
456,26,213,B,25.04.2025 22:15:22,906
457,53,213,C,25.04.2025 22:30:28,929
458,59,213,D,25.04.2025 22:45:57,887
459,64,213,B,25.04.2025 23:00:44,160
460,69,213,D,25.04.2025 23:03:24,926
461,78,213,C,25.04.2025 23:18:50,59
462,80,213,C,25.04.2025 23:19:49,482
463,85,213,D,25.04.2025 23:27:51,10
464,86,213,C,25.04.2025 23:28:01,480
465,88,213,A,25.04.2025 23:36:01,218
466,90,213,D,25.04.2025 23:39:39,769
467,91,213,A,25.04.2025 23:52:28,735
468,94,213,B,26.04.2025 0:04:43,828
469,95,213,A,26.04.2025 0:18:31,952
470,96,213,B,26.04.2025 0:34:23,579
471,99,213,B,26.04.2025 0:44:02,910
472,100,213,A,26.04.2025 0:59:12,274
473,102,213,D,26.04.2025 1:03:46,237
474,104,213,B,26.04.2025 1:07:43,102
475,105,213,C,26.04.2025 1:09:25,42
476,106,213,B,26.04.2025 1:10:07,33
477,108,213,B,26.04.2025 1:10:40,503
478,26,217,A,27.04.2025 5:45:45,234
479,53,217,C,27.04.2025 5:49:39,980
480,59,217,,27.04.2025 6:05:59,
481,26,214,C,27.04.2025 6:12:06,263
482,53,214,D,27.04.2025 6:16:29,660
483,59,214,A,27.04.2025 6:27:29,71
484,64,214,A,27.04.2025 6:28:40,355
485,69,214,D,27.04.2025 6:34:35,752
486,78,214,A,27.04.2025 6:47:07,657
487,80,214,A,27.04.2025 6:58:04,711
488,85,214,C,27.04.2025 7:09:55,602
489,86,214,D,27.04.2025 7:19:57,37
490,88,214,A,27.04.2025 7:20:34,893
491,90,214,B,27.04.2025 7:35:27,856
492,91,214,B,27.04.2025 7:49:43,824
493,94,214,C,27.04.2025 8:03:27,924
494,95,214,B,27.04.2025 8:18:51,63
495,96,214,B,27.04.2025 8:19:54,483
496,99,214,B,27.04.2025 8:27:57,128
497,100,214,D,27.04.2025 8:30:05,155
498,102,214,,27.04.2025 8:32:40,
499,26,93,D,28.04.2025 17:05:05,272
500,53,93,D,28.04.2025 17:09:37,237
501,59,93,D,28.04.2025 17:13:34,466
502,64,93,D,28.04.2025 17:21:20,454
503,69,93,D,28.04.2025 17:28:54,658
504,78,93,A,28.04.2025 17:39:52,295
505,80,93,A,28.04.2025 17:44:47,724
506,85,93,A,28.04.2025 17:56:51,493
507,86,93,A,28.04.2025 18:05:04,688
508,88,93,B,28.04.2025 18:16:32,906
509,90,93,A,28.04.2025 18:31:38,840
510,91,93,C,28.04.2025 18:45:38,863
511,94,93,B,28.04.2025 19:00:01,754
512,95,93,C,28.04.2025 19:12:35,94
513,96,93,B,28.04.2025 19:14:09,37
514,99,93,C,28.04.2025 19:14:46,266
515,100,93,C,28.04.2025 19:19:12,254
516,102,93,A,28.04.2025 19:23:26,985
517,104,93,A,28.04.2025 19:39:51,118
518,105,93,C,28.04.2025 19:41:49,615
519,106,93,,28.04.2025 19:52:04,
520,26,210,A,29.04.2025 0:37:02,813
521,53,210,A,29.04.2025 0:50:35,215
522,59,210,B,29.04.2025 0:54:10,493
523,64,210,A,29.04.2025 1:02:23,813
524,69,210,B,29.04.2025 1:15:56,528
525,78,210,C,29.04.2025 1:24:44,954
526,80,210,A,29.04.2025 1:40:38,615
527,85,210,C,29.04.2025 1:50:53,50
528,86,210,A,29.04.2025 1:51:43,71
529,88,210,B,29.04.2025 1:52:54,244
530,90,210,A,29.04.2025 1:56:58,466
531,91,210,B,29.04.2025 2:04:44,442
532,94,210,D,29.04.2025 2:12:06,299
533,95,210,C,29.04.2025 2:17:05,463
534,96,210,D,29.04.2025 2:24:48,238
535,99,210,A,29.04.2025 2:28:46,607
536,100,210,A,29.04.2025 2:38:53,836
537,102,210,A,29.04.2025 2:52:49,574
538,104,210,D,29.04.2025 3:02:23,514
539,105,210,D,29.04.2025 3:10:57,638
540,106,210,C,29.04.2025 3:21:35,70
541,108,210,B,29.04.2025 3:22:45,862
542,26,94,A,30.04.2025 1:36:30,243
543,53,94,B,30.04.2025 1:40:33,663
544,59,94,A,30.04.2025 1:51:36,663
545,64,94,C,30.04.2025 2:02:39,556
546,69,94,B,30.04.2025 2:11:55,885
547,78,94,C,30.04.2025 2:26:40,387
548,80,94,B,30.04.2025 2:33:07,16
549,85,94,C,30.04.2025 2:33:23,277
550,86,94,D,30.04.2025 2:38:00,330
551,88,94,D,30.04.2025 2:43:30,141
552,90,94,B,30.04.2025 2:45:51,198
553,91,94,C,30.04.2025 2:49:09,571
554,94,94,D,30.04.2025 2:58:40,602
555,95,94,C,30.04.2025 3:08:42,266
556,26,92,D,30.04.2025 3:08:48,266
557,96,94,D,30.04.2025 3:13:08,686
558,53,92,D,30.04.2025 3:13:14,664
559,59,92,A,30.04.2025 3:24:18,354
560,99,94,B,30.04.2025 3:24:34,245
561,100,94,B,30.04.2025 3:28:39,579
562,64,92,A,30.04.2025 3:30:12,565
563,102,94,A,30.04.2025 3:38:18,999
564,69,92,C,30.04.2025 3:39:37,761
565,78,92,A,30.04.2025 3:52:18,519
566,104,94,C,30.04.2025 3:54:57,666
567,80,92,C,30.04.2025 4:00:57,953
568,105,94,A,30.04.2025 4:06:03,827
569,85,92,D,30.04.2025 4:16:50,494
570,106,94,C,30.04.2025 4:19:50,627
571,86,92,D,30.04.2025 4:25:04,735
572,108,94,D,30.04.2025 4:30:17,131
573,88,92,C,30.04.2025 4:37:19,167
574,90,92,A,30.04.2025 4:40:06,569
575,91,92,D,30.04.2025 4:49:35,361
576,94,92,D,30.04.2025 4:55:36,786
577,95,92,C,30.04.2025 5:08:42,67
578,96,92,C,30.04.2025 5:09:49,191
579,99,92,B,30.04.2025 5:13:00,924
580,100,92,A,30.04.2025 5:28:24,165
581,102,92,A,30.04.2025 5:31:09,866
582,104,92,C,30.04.2025 5:45:35,96
583,105,92,D,30.04.2025 5:47:11,66
584,106,92,C,30.04.2025 5:48:17,71
585,108,92,A,30.04.2025 5:49:28,335
586,26,100,C,30.04.2025 8:37:08,852
587,53,100,A,30.04.2025 8:51:20,843
588,59,100,C,30.04.2025 9:05:23,58
589,64,100,A,30.04.2025 9:06:21,648
590,69,100,A,30.04.2025 9:17:09,349
591,78,100,D,30.04.2025 9:22:58,241
592,80,100,B,30.04.2025 9:26:59,306
593,85,100,D,30.04.2025 9:32:05,51
594,86,100,,30.04.2025 9:32:56,
595,26,98,A,01.05.2025 4:15:59,950
596,53,98,A,01.05.2025 4:31:49,761
597,59,98,D,01.05.2025 4:44:30,945
598,64,98,D,01.05.2025 5:00:15,84
599,69,98,B,01.05.2025 5:01:39,753
600,78,98,C,01.05.2025 5:14:12,134
601,80,98,C,01.05.2025 5:16:26,34
602,85,98,D,01.05.2025 5:17:00,97
603,86,98,D,01.05.2025 5:18:37,225
604,88,98,C,01.05.2025 5:22:22,159
605,90,98,C,01.05.2025 5:25:01,423
606,91,98,C,01.05.2025 5:32:04,323
607,94,98,A,01.05.2025 5:37:27,256
608,95,98,A,01.05.2025 5:41:43,751
609,96,98,D,01.05.2025 5:54:14,188
610,99,98,A,01.05.2025 5:57:22,745
611,100,98,A,01.05.2025 6:09:47,602
612,102,98,B,01.05.2025 6:19:49,576
613,104,98,B,01.05.2025 6:29:25,925
614,105,98,B,01.05.2025 6:44:50,361
615,106,98,A,01.05.2025 6:50:51,154
616,108,98,B,01.05.2025 6:53:25,553
617,26,99,C,01.05.2025 22:56:04,750
618,53,99,C,01.05.2025 23:08:34,90
619,59,99,B,01.05.2025 23:10:04,427
620,64,99,B,01.05.2025 23:17:11,915
621,69,99,C,01.05.2025 23:32:26,878
622,78,99,B,01.05.2025 23:47:04,776
623,80,99,B,02.05.2025 0:00:00,322
624,85,99,B,02.05.2025 0:05:22,707
625,86,99,B,02.05.2025 0:17:09,409
626,88,99,C,02.05.2025 0:23:58,61
627,90,99,D,02.05.2025 0:24:59,29
628,91,99,C,02.05.2025 0:25:28,722
629,94,99,D,02.05.2025 0:37:30,848
630,95,99,B,02.05.2025 0:51:38,549
631,96,99,A,02.05.2025 1:00:47,440
632,99,99,D,02.05.2025 1:08:07,228
633,100,99,D,02.05.2025 1:11:55,715
634,102,99,A,02.05.2025 1:23:50,678
635,104,99,C,02.05.2025 1:35:08,666
636,105,99,B,02.05.2025 1:46:14,672
637,106,99,B,02.05.2025 1:57:26,507
638,108,99,A,02.05.2025 2:05:53,302
639,26,96,B,02.05.2025 11:56:38,232
640,53,96,A,02.05.2025 12:00:30,830
641,59,96,C,02.05.2025 12:14:20,193
642,64,96,C,02.05.2025 12:17:33,156
643,69,96,B,02.05.2025 12:20:09,283
644,78,96,A,02.05.2025 12:24:52,464
645,80,96,A,02.05.2025 12:32:36,124
646,85,96,C,02.05.2025 12:34:40,680
647,86,96,A,02.05.2025 12:46:00,182
648,88,96,,02.05.2025 12:49:02,
649,28,175,A,31.05.2025 16:47:49,528
650,29,175,C,31.05.2025 16:56:37,925
651,30,175,A,31.05.2025 17:12:02,201
652,31,175,D,31.05.2025 17:15:23,626
653,32,175,D,31.05.2025 17:25:49,32
654,33,175,B,31.05.2025 17:26:21,82
655,34,175,A,31.05.2025 17:27:43,950
656,35,175,B,31.05.2025 17:43:33,520
657,36,175,C,31.05.2025 17:52:13,187
658,37,175,A,31.05.2025 17:55:20,610
659,38,175,C,31.05.2025 18:05:30,89
660,39,175,C,31.05.2025 18:06:59,137
661,40,175,C,31.05.2025 18:09:16,917
662,41,175,D,31.05.2025 18:24:33,328
663,42,175,,31.05.2025 18:30:01,
664,28,62,A,01.06.2025 0:44:36,979
665,29,62,C,01.06.2025 1:00:55,614
666,30,62,A,01.06.2025 1:11:09,292
667,31,62,A,01.06.2025 1:16:01,675
668,32,62,D,01.06.2025 1:27:16,121
669,33,62,A,01.06.2025 1:29:17,111
670,34,62,B,01.06.2025 1:31:08,77
671,35,62,B,01.06.2025 1:32:25,286
672,36,62,A,01.06.2025 1:37:11,967
673,28,57,B,01.06.2025 1:39:37,681
674,29,57,C,01.06.2025 1:50:58,714
675,37,62,C,01.06.2025 1:53:18,236
676,38,62,C,01.06.2025 1:57:14,656
677,30,57,B,01.06.2025 2:02:52,645
678,39,62,B,01.06.2025 2:08:10,249
679,40,62,D,01.06.2025 2:12:19,714
680,31,57,D,01.06.2025 2:13:37,923
681,41,62,A,01.06.2025 2:24:13,315
682,32,57,C,01.06.2025 2:29:00,581
683,42,62,D,01.06.2025 2:29:28,414
684,43,62,A,01.06.2025 2:36:22,643
685,33,57,D,01.06.2025 2:38:41,984
686,44,62,A,01.06.2025 2:47:05,498
687,34,57,D,01.06.2025 2:55:05,719
688,45,62,,01.06.2025 2:55:23,
689,35,57,B,01.06.2025 3:07:04,951
690,36,57,A,01.06.2025 3:22:55,181
691,37,57,A,01.06.2025 3:25:56,850
692,38,57,A,01.06.2025 3:40:06,120
693,39,57,B,01.06.2025 3:42:06,273
694,40,57,C,01.06.2025 3:46:39,975
695,41,57,A,01.06.2025 4:02:54,504
696,42,57,C,01.06.2025 4:11:18,51
697,43,57,A,01.06.2025 4:12:09,701
698,44,57,B,01.06.2025 4:23:50,257
699,45,57,D,01.06.2025 4:28:07,381
700,46,57,C,01.06.2025 4:34:28,807
701,47,57,D,01.06.2025 4:47:55,56
702,48,57,B,01.06.2025 4:48:51,842
703,49,57,D,01.06.2025 5:02:53,509
704,50,57,A,01.06.2025 5:11:22,673
705,51,57,D,01.06.2025 5:22:35,934
706,52,57,A,01.06.2025 5:38:09,824
707,53,57,A,01.06.2025 5:51:53,229
708,54,57,D,01.06.2025 5:55:42,63
709,28,55,B,01.06.2025 10:39:46,773
710,29,55,A,01.06.2025 10:52:39,343
711,30,55,B,01.06.2025 10:58:22,837
712,4,50,A,01.06.2025 11:09:59,479
713,31,55,B,01.06.2025 11:12:19,517
714,10,50,C,01.06.2025 11:17:58,376
715,32,55,B,01.06.2025 11:20:56,804
716,13,50,D,01.06.2025 11:24:14,637
717,33,55,B,01.06.2025 11:34:20,91
718,14,50,C,01.06.2025 11:34:51,957
719,34,55,C,01.06.2025 11:35:51,483
720,35,55,D,01.06.2025 11:43:54,978
721,19,50,,01.06.2025 11:50:48,
722,36,55,C,01.06.2025 12:00:12,778
723,37,55,D,01.06.2025 12:13:10,430
724,38,55,D,01.06.2025 12:20:20,307
725,39,55,A,01.06.2025 12:25:27,241
726,40,55,B,01.06.2025 12:29:28,505
727,41,55,B,01.06.2025 12:37:53,333
728,42,55,B,01.06.2025 12:43:26,365
729,43,55,B,01.06.2025 12:49:31,883
730,44,55,B,01.06.2025 13:04:14,267
731,45,55,D,01.06.2025 13:08:41,827
732,46,55,B,01.06.2025 13:22:28,732
733,47,55,D,01.06.2025 13:34:40,763
734,28,205,C,01.06.2025 13:44:25,856
735,48,55,C,01.06.2025 13:47:23,33
736,49,55,D,01.06.2025 13:47:56,801
737,29,205,D,01.06.2025 13:58:41,402
738,50,55,A,01.06.2025 14:01:17,233
739,51,55,D,01.06.2025 14:05:10,635
740,30,205,A,01.06.2025 14:05:23,528
741,31,205,B,01.06.2025 14:14:11,452
742,52,55,A,01.06.2025 14:15:45,64
743,53,55,B,01.06.2025 14:16:49,396
744,32,205,A,01.06.2025 14:21:43,210
745,54,55,A,01.06.2025 14:23:25,132
746,33,205,C,01.06.2025 14:25:13,409
747,34,205,B,01.06.2025 14:32:02,618
748,35,205,C,01.06.2025 14:42:20,160
749,36,205,A,01.06.2025 14:45:00,849
750,37,205,B,01.06.2025 14:59:09,385
751,38,205,A,01.06.2025 15:05:34,580
752,39,205,C,01.06.2025 15:15:14,57
753,40,205,D,01.06.2025 15:16:11,755
754,41,205,D,01.06.2025 15:28:46,879
755,28,207,D,01.06.2025 15:40:52,723
756,42,205,A,01.06.2025 15:43:25,975
757,29,207,A,01.06.2025 15:52:55,424
758,43,205,D,01.06.2025 15:59:40,829
759,30,207,D,01.06.2025 15:59:59,29
760,31,207,A,01.06.2025 16:00:28,125
761,32,207,C,01.06.2025 16:02:33,590
762,33,207,D,01.06.2025 16:12:23,773
763,44,205,A,01.06.2025 16:13:29,343
764,45,205,B,01.06.2025 16:19:12,10
765,46,205,B,01.06.2025 16:19:22,300
766,47,205,C,01.06.2025 16:24:22,968
767,34,207,B,01.06.2025 16:25:16,565
768,35,207,B,01.06.2025 16:34:41,366
769,48,205,B,01.06.2025 16:40:30,951
770,36,207,D,01.06.2025 16:40:47,297
771,37,207,C,01.06.2025 16:45:44,764
772,49,205,D,01.06.2025 16:56:21,650
773,38,207,D,01.06.2025 16:58:28,363
774,39,207,D,01.06.2025 17:04:31,851
775,50,205,C,01.06.2025 17:07:11,185
776,51,205,D,01.06.2025 17:10:16,380
777,52,205,A,01.06.2025 17:16:36,407
778,40,207,A,01.06.2025 17:18:42,688
779,53,205,A,01.06.2025 17:23:23,538
780,41,207,B,01.06.2025 17:30:10,546
781,54,205,,01.06.2025 17:32:21,
782,42,207,A,01.06.2025 17:39:16,224
783,43,207,C,01.06.2025 17:43:00,357
784,44,207,A,01.06.2025 17:48:57,916
785,45,207,C,01.06.2025 18:04:13,940
786,46,207,B,01.06.2025 18:19:53,596
787,47,207,C,01.06.2025 18:29:49,589
788,48,207,C,01.06.2025 18:39:38,116
789,49,207,A,01.06.2025 18:41:34,545
790,50,207,D,01.06.2025 18:50:39,346
791,51,207,B,01.06.2025 18:56:25,387
792,52,207,D,01.06.2025 19:02:52,874
793,53,207,A,01.06.2025 19:17:26,711
794,54,207,D,01.06.2025 19:29:17,569
795,4,51,A,01.06.2025 23:01:36,236
796,10,51,A,01.06.2025 23:05:32,332
797,13,51,A,01.06.2025 23:11:04,560
798,14,51,,01.06.2025 23:20:24,
799,28,54,A,02.06.2025 2:58:44,100
800,29,54,C,02.06.2025 3:00:24,68
801,30,54,A,02.06.2025 3:01:32,192
802,31,54,A,02.06.2025 3:04:44,890
803,32,54,A,02.06.2025 3:19:34,387
804,33,54,C,02.06.2025 3:26:01,653
805,34,54,D,02.06.2025 3:36:54,468
806,35,54,C,02.06.2025 3:44:42,336
807,36,54,D,02.06.2025 3:50:18,296
808,37,54,A,02.06.2025 3:55:14,650
809,38,54,D,02.06.2025 4:06:04,701
810,39,54,D,02.06.2025 4:17:45,462
811,40,54,D,02.06.2025 4:25:27,163
812,41,54,D,02.06.2025 4:28:10,325
813,42,54,C,02.06.2025 4:33:35,882
814,43,54,B,02.06.2025 4:48:17,983
815,44,54,A,02.06.2025 5:04:40,46
816,45,54,B,02.06.2025 5:05:26,189
817,46,54,A,02.06.2025 5:08:35,12
818,47,54,C,02.06.2025 5:08:47,268
819,48,54,C,02.06.2025 5:13:15,136
820,49,54,C,02.06.2025 5:15:31,96
821,50,54,B,02.06.2025 5:17:07,450
822,28,172,D,02.06.2025 5:22:44,229
823,51,54,D,02.06.2025 5:24:37,60
824,52,54,A,02.06.2025 5:25:37,262
825,53,54,C,02.06.2025 5:29:59,681
826,54,54,D,02.06.2025 5:41:20,481
827,4,45,A,02.06.2025 6:23:46,525
828,10,45,D,02.06.2025 6:32:31,92
829,13,45,D,02.06.2025 6:34:03,743
830,14,45,D,02.06.2025 6:46:26,301
831,19,45,D,02.06.2025 6:51:27,405
832,21,45,A,02.06.2025 6:58:12,922
833,31,45,A,02.06.2025 7:13:34,270
834,37,45,A,02.06.2025 7:18:04,152
835,40,45,A,02.06.2025 7:20:36,807
836,28,86,D,02.06.2025 7:24:53,242
837,29,86,C,02.06.2025 7:28:55,229
838,30,86,A,02.06.2025 7:32:44,699
839,41,45,C,02.06.2025 7:34:03,948
840,31,86,C,02.06.2025 7:44:23,457
841,46,45,A,02.06.2025 7:49:51,88
842,48,45,C,02.06.2025 7:51:19,905
843,32,86,C,02.06.2025 7:52:00,86
844,33,86,D,02.06.2025 7:53:26,491
845,34,86,D,02.06.2025 8:01:37,778
846,58,45,C,02.06.2025 8:06:24,310
847,67,45,D,02.06.2025 8:11:34,85
848,83,45,D,02.06.2025 8:12:59,206
849,35,86,C,02.06.2025 8:14:35,184
850,89,45,B,02.06.2025 8:16:25,766
851,36,86,C,02.06.2025 8:17:39,969
852,92,45,B,02.06.2025 8:29:11,51
853,97,45,,02.06.2025 8:30:02,
854,37,86,A,02.06.2025 8:33:48,979
855,38,86,C,02.06.2025 8:50:07,175
856,39,86,D,02.06.2025 8:53:02,309
857,40,86,C,02.06.2025 8:58:11,473
858,41,86,A,02.06.2025 9:06:04,355
859,42,86,B,02.06.2025 9:11:59,252
860,43,86,D,02.06.2025 9:16:11,350
861,44,86,A,02.06.2025 9:22:01,480
862,45,86,C,02.06.2025 9:30:01,903
863,46,86,A,02.06.2025 9:45:04,291
864,47,86,D,02.06.2025 9:49:55,578
865,48,86,B,02.06.2025 9:59:33,511
866,49,86,C,02.06.2025 10:08:04,34
867,50,86,A,02.06.2025 10:08:38,802
868,51,86,A,02.06.2025 10:22:00,967
869,52,86,D,02.06.2025 10:38:07,827
870,53,86,D,02.06.2025 10:51:54,800
871,54,86,D,02.06.2025 11:05:14,178
872,4,164,B,02.06.2025 11:35:26,730
873,10,164,B,02.06.2025 11:47:36,570
874,13,164,C,02.06.2025 11:57:06,427
875,14,164,C,02.06.2025 12:04:13,654
876,28,56,D,02.06.2025 12:04:19,256
877,29,56,C,02.06.2025 12:08:35,219
878,30,56,C,02.06.2025 12:12:14,346
879,19,164,C,02.06.2025 12:15:07,875
880,31,56,D,02.06.2025 12:18:00,626
881,32,56,D,02.06.2025 12:28:26,532
882,21,164,D,02.06.2025 12:29:42,735
883,33,56,A,02.06.2025 12:37:18,563
884,31,164,A,02.06.2025 12:41:57,967
885,34,56,A,02.06.2025 12:46:41,361
886,35,56,A,02.06.2025 12:52:42,624
887,37,164,,02.06.2025 12:58:04,
888,36,56,D,02.06.2025 13:03:06,33
889,37,56,C,02.06.2025 13:03:39,526
890,38,56,B,02.06.2025 13:12:25,855
891,39,56,C,02.06.2025 13:26:40,743
892,40,56,B,02.06.2025 13:39:03,178
893,41,56,B,02.06.2025 13:42:01,57
894,42,56,A,02.06.2025 13:42:58,19
895,43,56,C,02.06.2025 13:43:17,146
896,44,56,D,02.06.2025 13:45:43,754
897,45,56,D,02.06.2025 13:58:17,110
898,46,56,A,02.06.2025 14:00:07,231
899,47,56,C,02.06.2025 14:03:58,928
900,48,56,D,02.06.2025 14:19:26,919
901,49,56,B,02.06.2025 14:34:45,160
902,50,56,C,02.06.2025 14:37:25,359
903,51,56,B,02.06.2025 14:43:24,431
904,52,56,A,02.06.2025 14:50:35,320
905,53,56,C,02.06.2025 14:55:55,746
906,54,56,C,02.06.2025 15:08:21,184
907,28,85,B,02.06.2025 16:26:28,736
908,29,85,C,02.06.2025 16:38:44,114
909,30,85,B,02.06.2025 16:40:38,984
910,31,85,A,02.06.2025 16:57:02,86
911,32,85,A,02.06.2025 16:58:28,307
912,33,85,B,02.06.2025 17:03:35,907
913,34,85,A,02.06.2025 17:18:42,141
914,35,85,B,02.06.2025 17:21:03,214
915,36,85,C,02.06.2025 17:24:37,338
916,37,85,A,02.06.2025 17:30:15,505
917,38,85,D,02.06.2025 17:38:40,166
918,39,85,A,02.06.2025 17:41:26,725
919,40,85,C,02.06.2025 17:53:31,207
920,41,85,,02.06.2025 17:56:58,
921,28,89,B,02.06.2025 20:35:42,974
922,29,89,A,02.06.2025 20:51:56,80
923,30,89,C,02.06.2025 20:53:16,211
924,31,89,A,02.06.2025 20:56:47,475
925,32,89,D,02.06.2025 21:04:42,149
926,33,89,D,02.06.2025 21:07:11,303
927,34,89,A,02.06.2025 21:12:14,236
928,35,89,D,02.06.2025 21:16:10,633
929,36,89,A,02.06.2025 21:26:43,468
930,37,89,B,02.06.2025 21:34:31,697
931,38,89,D,02.06.2025 21:46:08,700
932,28,178,B,02.06.2025 21:52:42,421
933,39,89,C,02.06.2025 21:57:48,244
934,29,178,C,02.06.2025 21:59:43,351
935,40,89,C,02.06.2025 22:01:52,36
936,41,89,C,02.06.2025 22:02:28,774
937,30,178,A,02.06.2025 22:05:34,249
938,31,178,C,02.06.2025 22:09:43,513
939,42,89,D,02.06.2025 22:15:22,872
940,32,178,D,02.06.2025 22:18:16,612
941,33,178,D,02.06.2025 22:28:28,447
942,43,89,A,02.06.2025 22:29:54,11
943,44,89,B,02.06.2025 22:30:05,822
944,34,178,B,02.06.2025 22:35:55,454
945,28,202,D,02.06.2025 22:42:12,673
946,35,178,B,02.06.2025 22:43:29,311
947,45,89,C,02.06.2025 22:43:47,963
948,36,178,C,02.06.2025 22:48:40,720
949,29,202,C,02.06.2025 22:53:25,243
950,30,202,B,02.06.2025 22:57:28,738
951,46,89,,02.06.2025 22:59:50,
952,37,178,C,02.06.2025 23:00:40,784
953,31,202,C,02.06.2025 23:09:46,864
954,38,178,D,02.06.2025 23:13:44,528
955,39,178,B,02.06.2025 23:22:32,851
956,32,202,A,02.06.2025 23:24:10,704
957,33,202,A,02.06.2025 23:35:54,925
958,40,178,D,02.06.2025 23:36:43,858
959,41,178,A,02.06.2025 23:51:01,21
960,34,202,D,02.06.2025 23:51:19,788
961,42,178,B,02.06.2025 23:51:22,942
962,35,202,B,03.06.2025 0:04:27,731
963,43,178,B,03.06.2025 0:07:04,82
964,44,178,B,03.06.2025 0:08:26,708
965,36,202,A,03.06.2025 0:16:38,826
966,45,178,B,03.06.2025 0:20:14,412
967,46,178,C,03.06.2025 0:27:06,270
968,37,202,A,03.06.2025 0:30:24,953
969,47,178,B,03.06.2025 0:31:36,254
970,48,178,B,03.06.2025 0:35:50,108
971,49,178,B,03.06.2025 0:37:38,56
972,50,178,C,03.06.2025 0:38:34,584
973,38,202,B,03.06.2025 0:46:17,18
974,39,202,A,03.06.2025 0:46:35,943
975,51,178,B,03.06.2025 0:48:18,351
976,52,178,D,03.06.2025 0:54:09,650
977,40,202,D,03.06.2025 1:02:18,170
978,53,178,D,03.06.2025 1:04:59,641
979,41,202,A,03.06.2025 1:05:08,10
980,42,202,D,03.06.2025 1:05:18,134
981,43,202,D,03.06.2025 1:07:32,783
982,54,178,B,03.06.2025 1:15:40,348
983,44,202,A,03.06.2025 1:20:35,424
984,45,202,B,03.06.2025 1:27:39,727
985,46,202,A,03.06.2025 1:39:46,485
986,47,202,B,03.06.2025 1:47:51,811
987,48,202,C,03.06.2025 2:01:22,776
988,49,202,A,03.06.2025 2:14:18,577
989,50,202,D,03.06.2025 2:23:55,977
990,51,202,B,03.06.2025 2:40:12,660
991,52,202,C,03.06.2025 2:51:12,988
992,53,202,B,03.06.2025 3:07:40,216
993,54,202,D,03.06.2025 3:11:16,289
994,28,91,D,03.06.2025 4:32:11,260
995,29,91,C,03.06.2025 4:36:31,816
996,30,91,D,03.06.2025 4:50:07,817
997,31,91,D,03.06.2025 5:03:44,715
998,32,91,,03.06.2025 5:15:39,
999,4,165,A,03.06.2025 6:04:36,990
1000,4,162,A,03.06.2025 6:20:32,744
1001,10,165,A,03.06.2025 6:21:06,848
1002,10,162,B,03.06.2025 6:32:56,411
1003,13,165,B,03.06.2025 6:35:14,854
1004,28,180,D,03.06.2025 6:35:14,346
1005,13,162,A,03.06.2025 6:39:47,832
1006,29,180,D,03.06.2025 6:41:00,610
1007,14,165,C,03.06.2025 6:49:28,81
1008,19,165,C,03.06.2025 6:50:49,805
1009,30,180,D,03.06.2025 6:51:10,313
1010,14,162,D,03.06.2025 6:53:39,703
1011,31,180,D,03.06.2025 6:56:23,420
1012,32,180,C,03.06.2025 7:03:23,741
1013,21,165,A,03.06.2025 7:04:14,279
1014,19,162,B,03.06.2025 7:05:22,378
1015,31,165,A,03.06.2025 7:08:53,176
1016,21,162,A,03.06.2025 7:11:40,148
1017,37,165,A,03.06.2025 7:11:49,112
1018,40,165,D,03.06.2025 7:13:41,762
1019,31,162,C,03.06.2025 7:14:08,586
1020,33,180,B,03.06.2025 7:15:44,282
1021,34,180,B,03.06.2025 7:20:26,784
1022,37,162,B,03.06.2025 7:23:54,15
1023,40,162,B,03.06.2025 7:24:09,145
1024,41,165,A,03.06.2025 7:26:23,778
1025,41,162,C,03.06.2025 7:26:34,700
1026,35,180,D,03.06.2025 7:33:30,22
1027,36,180,D,03.06.2025 7:33:52,595
1028,46,162,D,03.06.2025 7:38:14,84
1029,46,165,,03.06.2025 7:39:21,
1030,48,162,D,03.06.2025 7:39:38,137
1031,58,162,C,03.06.2025 7:41:55,173
1032,37,180,D,03.06.2025 7:43:47,915
1033,67,162,A,03.06.2025 7:44:48,567
1034,83,162,C,03.06.2025 7:54:15,930
1035,38,180,A,03.06.2025 7:59:02,815
1036,89,162,A,03.06.2025 8:09:45,632
1037,39,180,A,03.06.2025 8:12:37,338
1038,40,180,A,03.06.2025 8:18:15,15
1039,41,180,C,03.06.2025 8:18:30,146
1040,92,162,B,03.06.2025 8:20:17,130
1041,42,180,C,03.06.2025 8:20:56,940
1042,97,162,A,03.06.2025 8:22:27,178
1043,98,162,D,03.06.2025 8:25:25,837
1044,43,180,C,03.06.2025 8:36:36,113
1045,44,180,C,03.06.2025 8:38:29,243
1046,45,180,D,03.06.2025 8:42:32,541
1047,46,180,D,03.06.2025 8:51:33,172
1048,47,180,D,03.06.2025 8:54:25,120
1049,48,180,D,03.06.2025 8:56:25,121
1050,49,180,A,03.06.2025 8:58:26,254
1051,50,180,A,03.06.2025 9:02:40,295
1052,51,180,D,03.06.2025 9:07:35,195
1053,52,180,A,03.06.2025 9:10:50,246
1054,53,180,,03.06.2025 9:14:56,
1055,28,203,A,03.06.2025 12:49:55,157
1056,29,203,C,03.06.2025 12:52:32,122
1057,30,203,D,03.06.2025 12:54:34,246
1058,31,203,C,03.06.2025 12:58:40,618
1059,32,203,A,03.06.2025 13:08:58,285
1060,33,203,C,03.06.2025 13:13:43,702
1061,34,203,C,03.06.2025 13:25:25,113
1062,35,203,A,03.06.2025 13:27:18,400
1063,36,203,D,03.06.2025 13:33:58,777
1064,37,203,B,03.06.2025 13:46:55,682
1065,38,203,D,03.06.2025 13:58:17,788
1066,39,203,A,03.06.2025 14:11:25,543
1067,40,203,C,03.06.2025 14:20:28,112
1068,41,203,D,03.06.2025 14:22:20,948
1069,42,203,D,03.06.2025 14:38:08,13
1070,43,203,D,03.06.2025 14:38:21,47
1071,44,203,C,03.06.2025 14:39:08,968
1072,45,203,D,03.06.2025 14:55:16,105
1073,46,203,C,03.06.2025 14:57:01,502
1074,47,203,B,03.06.2025 15:05:23,169
1075,48,203,A,03.06.2025 15:08:12,200
1076,49,203,D,03.06.2025 15:11:32,135
1077,50,203,C,03.06.2025 15:13:47,482
1078,51,203,D,03.06.2025 15:21:49,456
1079,52,203,C,03.06.2025 15:29:25,120
1080,53,203,C,03.06.2025 15:31:25,407
1081,54,203,D,03.06.2025 15:38:12,84
1082,28,177,D,03.06.2025 19:32:20,140
1083,29,177,D,03.06.2025 19:34:40,730
1084,30,177,D,03.06.2025 19:46:50,227
1085,31,177,C,03.06.2025 19:50:37,921
1086,32,177,B,03.06.2025 20:05:58,890
1087,33,177,B,03.06.2025 20:20:48,682
1088,34,177,D,03.06.2025 20:32:10,757
1089,35,177,B,03.06.2025 20:44:47,549
1090,36,177,A,03.06.2025 20:53:56,193
1091,37,177,C,03.06.2025 20:57:09,73
1092,38,177,B,03.06.2025 20:58:22,766
1093,39,177,C,03.06.2025 21:11:08,160
1094,40,177,B,03.06.2025 21:13:48,855
1095,41,177,C,03.06.2025 21:28:03,468
1096,42,177,C,03.06.2025 21:35:51,621
1097,43,177,D,03.06.2025 21:46:12,24
1098,44,177,C,03.06.2025 21:46:36,449
1099,45,177,D,03.06.2025 21:54:05,713
1100,46,177,,03.06.2025 22:05:58,
1101,28,87,D,03.06.2025 22:13:22,76
1102,29,87,A,03.06.2025 22:14:38,150
1103,30,87,D,03.06.2025 22:17:08,280
1104,31,87,D,03.06.2025 22:21:48,239
1105,32,87,B,03.06.2025 22:25:47,370
1106,33,87,A,03.06.2025 22:31:57,378
1107,34,87,A,03.06.2025 22:38:15,399
1108,16,236,B,03.06.2025 22:40:54,733
1109,35,87,D,03.06.2025 22:44:54,825
1110,25,236,,03.06.2025 22:53:07,
1111,4,48,A,03.06.2025 22:53:46,476
1112,36,87,B,03.06.2025 22:58:39,230
1113,10,48,C,03.06.2025 23:01:42,994
1114,37,87,D,03.06.2025 23:02:29,789
1115,38,87,C,03.06.2025 23:15:38,627
1116,13,48,C,03.06.2025 23:18:16,470
1117,39,87,C,03.06.2025 23:26:05,377
1118,14,48,D,03.06.2025 23:26:06,328
1119,19,48,C,03.06.2025 23:31:34,625
1120,40,87,D,03.06.2025 23:32:22,746
1121,21,48,D,03.06.2025 23:41:59,759
1122,41,87,C,03.06.2025 23:44:48,180
1123,42,87,B,03.06.2025 23:47:48,963
1124,31,48,B,03.06.2025 23:54:38,326
1125,37,48,A,04.06.2025 0:00:04,722
1126,43,87,A,04.06.2025 0:03:51,575
1127,40,48,A,04.06.2025 0:12:06,873
1128,44,87,C,04.06.2025 0:13:26,808
1129,41,48,D,04.06.2025 0:26:39,528
1130,45,87,C,04.06.2025 0:26:54,38
1131,46,87,A,04.06.2025 0:27:32,505
1132,46,48,B,04.06.2025 0:35:27,187
1133,47,87,D,04.06.2025 0:35:57,990
1134,48,48,A,04.06.2025 0:38:34,632
1135,58,48,B,04.06.2025 0:49:06,863
1136,48,87,D,04.06.2025 0:52:27,930
1137,82,198,C,04.06.2025 0:52:38,47
1138,83,198,A,04.06.2025 0:53:25,30
1139,84,198,C,04.06.2025 0:53:55,997
1140,67,48,D,04.06.2025 1:03:29,994
1141,49,87,A,04.06.2025 1:07:57,798
1142,85,198,D,04.06.2025 1:10:32,855
1143,83,48,C,04.06.2025 1:20:03,794
1144,50,87,A,04.06.2025 1:21:15,369
1145,86,198,B,04.06.2025 1:24:47,423
1146,51,87,B,04.06.2025 1:27:24,754
1147,87,198,B,04.06.2025 1:31:50,188
1148,89,48,C,04.06.2025 1:33:17,584
1149,88,198,D,04.06.2025 1:34:58,319
1150,52,87,,04.06.2025 1:39:58,
1151,89,198,C,04.06.2025 1:40:17,252
1152,92,48,C,04.06.2025 1:43:01,655
1153,90,198,D,04.06.2025 1:44:29,285
1154,91,198,D,04.06.2025 1:49:14,416
1155,97,48,C,04.06.2025 1:53:56,448
1156,92,198,D,04.06.2025 1:56:10,713
1157,98,48,D,04.06.2025 2:01:24,95
1158,93,198,A,04.06.2025 2:08:03,480
1159,94,198,,04.06.2025 2:16:03,
1160,28,90,B,04.06.2025 2:31:59,252
1161,29,90,D,04.06.2025 2:36:11,109
1162,30,90,C,04.06.2025 2:38:00,202
1163,31,90,B,04.06.2025 2:41:22,690
1164,32,90,B,04.06.2025 2:52:52,33
1165,33,90,B,04.06.2025 2:53:25,501
1166,34,90,B,04.06.2025 3:01:46,597
1167,35,90,D,04.06.2025 3:11:43,199
1168,36,90,C,04.06.2025 3:15:02,891
1169,28,208,C,04.06.2025 3:22:06,798
1170,4,41,D,04.06.2025 3:26:55,31
1171,10,41,C,04.06.2025 3:27:26,310
1172,37,90,A,04.06.2025 3:29:53,430
1173,13,41,A,04.06.2025 3:32:36,211
1174,29,208,C,04.06.2025 3:35:24,380
1175,14,41,C,04.06.2025 3:36:07,174
1176,38,90,B,04.06.2025 3:37:03,506
1177,19,41,A,04.06.2025 3:39:01,641
1178,30,208,D,04.06.2025 3:41:44,39
1179,31,208,C,04.06.2025 3:42:23,963
1180,16,234,B,04.06.2025 3:43:33,841
1181,39,90,B,04.06.2025 3:45:29,735
1182,21,41,A,04.06.2025 3:49:42,208
1183,31,41,A,04.06.2025 3:53:10,339
1184,25,234,D,04.06.2025 3:57:34,848
1185,40,90,B,04.06.2025 3:57:44,596
1186,32,208,A,04.06.2025 3:58:26,966
1187,37,41,B,04.06.2025 3:58:49,756
1188,41,90,C,04.06.2025 4:07:40,297
1189,40,41,A,04.06.2025 4:11:25,423
1190,43,234,,04.06.2025 4:11:42,
1191,42,90,A,04.06.2025 4:12:37,437
1192,33,208,B,04.06.2025 4:14:32,939
1193,41,41,C,04.06.2025 4:18:28,794
1194,43,90,B,04.06.2025 4:19:54,994
1195,82,196,D,04.06.2025 4:29:31,882
1196,34,208,C,04.06.2025 4:30:11,907
1197,46,41,A,04.06.2025 4:31:42,367
1198,44,90,C,04.06.2025 4:36:28,27
1199,45,90,D,04.06.2025 4:36:55,824
1200,48,41,A,04.06.2025 4:37:49,884
1201,83,196,D,04.06.2025 4:44:13,311
1202,35,208,D,04.06.2025 4:45:18,345
1203,84,196,B,04.06.2025 4:49:24,842
1204,46,90,A,04.06.2025 4:50:39,323
1205,36,208,B,04.06.2025 4:51:03,147
1206,58,41,A,04.06.2025 4:52:33,561
1207,37,208,B,04.06.2025 4:53:30,209
1208,47,90,B,04.06.2025 4:56:02,124
1209,38,208,B,04.06.2025 4:56:59,230
1210,48,90,A,04.06.2025 4:58:06,990
1211,39,208,D,04.06.2025 5:00:49,238
1212,67,41,D,04.06.2025 5:01:54,77
1213,83,41,D,04.06.2025 5:03:11,424
1214,85,196,D,04.06.2025 5:03:26,825
1215,40,208,A,04.06.2025 5:04:47,369
1216,89,41,B,04.06.2025 5:10:15,762
1217,41,208,B,04.06.2025 5:10:56,689
1218,82,197,D,04.06.2025 5:11:56,310
1219,49,90,,04.06.2025 5:14:36,
1220,83,197,B,04.06.2025 5:17:06,665
1221,86,196,B,04.06.2025 5:17:11,30
1222,87,196,B,04.06.2025 5:17:41,163
1223,88,196,B,04.06.2025 5:20:24,193
1224,42,208,B,04.06.2025 5:22:25,458
1225,92,41,C,04.06.2025 5:22:57,290
1226,89,196,C,04.06.2025 5:23:37,104
1227,90,196,D,04.06.2025 5:25:21,255
1228,97,41,B,04.06.2025 5:27:47,224
1229,84,197,,04.06.2025 5:28:11,
1230,91,196,A,04.06.2025 5:29:36,923
1231,43,208,C,04.06.2025 5:30:03,366
1232,98,41,A,04.06.2025 5:31:31,488
1233,44,208,D,04.06.2025 5:36:09,763
1234,92,196,A,04.06.2025 5:44:59,582
1235,45,208,B,04.06.2025 5:48:52,766
1236,16,230,A,04.06.2025 5:50:19,219
1237,25,230,B,04.06.2025 5:53:58,565
1238,93,196,A,04.06.2025 5:54:41,352
1239,94,196,,04.06.2025 6:00:33,
1240,46,208,C,04.06.2025 6:01:38,739
1241,43,230,A,04.06.2025 6:03:23,792
1242,47,208,C,04.06.2025 6:13:57,730
1243,52,230,B,04.06.2025 6:16:35,527
1244,60,230,C,04.06.2025 6:25:22,489
1245,48,208,C,04.06.2025 6:26:07,764
1246,70,230,B,04.06.2025 6:33:31,616
1247,49,208,D,04.06.2025 6:38:51,938
1248,71,230,B,04.06.2025 6:43:47,29
1249,50,208,D,04.06.2025 6:54:29,100
1250,51,208,D,04.06.2025 6:56:09,30
1251,52,208,C,04.06.2025 6:56:39,317
1252,53,208,D,04.06.2025 7:01:56,696
1253,54,208,D,04.06.2025 7:13:32,268
1254,16,108,D,04.06.2025 10:20:13,868
1255,25,108,A,04.06.2025 10:34:41,313
1256,43,108,A,04.06.2025 10:39:54,171
1257,52,108,B,04.06.2025 10:42:45,623
1258,60,108,D,04.06.2025 10:53:08,338
1259,70,108,A,04.06.2025 10:58:46,392
1260,55,187,B,04.06.2025 11:00:44,668
1261,71,108,A,04.06.2025 11:05:18,789
1262,82,74,C,04.06.2025 11:09:20,832
1263,4,170,A,04.06.2025 11:11:05,360
1264,56,187,C,04.06.2025 11:11:52,522
1265,10,170,B,04.06.2025 11:17:05,73
1266,13,170,C,04.06.2025 11:18:18,227
1267,57,187,D,04.06.2025 11:20:34,529
1268,14,170,C,04.06.2025 11:22:05,160
1269,83,74,D,04.06.2025 11:23:12,105
1270,19,170,C,04.06.2025 11:24:45,758
1271,84,74,D,04.06.2025 11:24:57,765
1272,58,187,A,04.06.2025 11:29:23,884
1273,21,170,D,04.06.2025 11:37:23,957
1274,85,74,D,04.06.2025 11:37:42,929
1275,59,187,A,04.06.2025 11:44:07,683
1276,86,74,A,04.06.2025 11:53:11,596
1277,31,170,C,04.06.2025 11:53:20,195
1278,60,187,A,04.06.2025 11:55:30,182
1279,37,170,D,04.06.2025 11:56:35,788
1280,61,187,C,04.06.2025 11:58:32,880
1281,87,74,C,04.06.2025 12:03:07,252
1282,88,74,D,04.06.2025 12:07:19,131
1283,89,74,D,04.06.2025 12:09:30,94
1284,40,170,D,04.06.2025 12:09:43,739
1285,90,74,C,04.06.2025 12:11:04,218
1286,62,187,D,04.06.2025 12:13:12,871
1287,91,74,B,04.06.2025 12:14:42,918
1288,41,170,A,04.06.2025 12:22:02,145
1289,46,170,A,04.06.2025 12:24:27,276
1290,63,187,B,04.06.2025 12:27:43,570
1291,48,170,D,04.06.2025 12:29:03,337
1292,92,74,C,04.06.2025 12:30:00,259
1293,93,74,B,04.06.2025 12:34:19,588
1294,58,170,B,04.06.2025 12:34:40,236
1295,64,187,B,04.06.2025 12:37:13,676
1296,67,170,C,04.06.2025 12:38:36,290
1297,83,170,D,04.06.2025 12:43:26,172
1298,94,74,B,04.06.2025 12:44:07,491
1299,89,170,C,04.06.2025 12:46:18,598
1300,65,187,C,04.06.2025 12:48:29,468
1301,95,74,D,04.06.2025 12:52:18,632
1302,92,170,D,04.06.2025 12:56:16,622
1303,66,187,A,04.06.2025 12:56:17,272
1304,67,187,C,04.06.2025 13:00:49,21
1305,68,187,D,04.06.2025 13:01:10,691
1306,96,74,A,04.06.2025 13:02:50,455
1307,97,170,B,04.06.2025 13:06:38,558
1308,97,74,A,04.06.2025 13:10:25,657
1309,69,187,A,04.06.2025 13:12:41,82
1310,70,187,B,04.06.2025 13:14:03,642
1311,98,170,B,04.06.2025 13:15:56,317
1312,98,74,B,04.06.2025 13:21:22,604
1313,71,187,B,04.06.2025 13:24:45,443
1314,99,74,C,04.06.2025 13:31:26,362
1315,72,187,A,04.06.2025 13:32:08,508
1316,100,74,C,04.06.2025 13:37:28,919
1317,73,187,C,04.06.2025 13:40:36,973
1318,101,74,C,04.06.2025 13:52:47,357
1319,74,187,D,04.06.2025 13:56:49,407
1320,102,74,D,04.06.2025 13:58:44,760
1321,75,187,D,04.06.2025 14:03:36,671
1322,103,74,D,04.06.2025 14:11:24,887
1323,76,187,D,04.06.2025 14:14:47,988
1324,16,106,D,04.06.2025 14:22:51,968
1325,104,74,C,04.06.2025 14:26:11,849
1326,77,187,A,04.06.2025 14:31:15,499
1327,78,187,B,04.06.2025 14:39:34,269
1328,105,74,D,04.06.2025 14:40:20,948
1329,79,187,C,04.06.2025 14:44:03,72
1330,80,187,D,04.06.2025 14:45:15,77
1331,81,187,B,04.06.2025 14:46:32,50
1332,106,74,A,04.06.2025 14:56:08,882
1333,2,32,C,04.06.2025 15:06:18,582
1334,107,74,C,04.06.2025 15:10:50,166
1335,108,74,A,04.06.2025 15:13:36,34
1336,6,32,D,04.06.2025 15:16:00,738
1337,17,32,B,04.06.2025 15:28:18,672
1338,27,32,C,04.06.2025 15:39:30,603
1339,29,32,D,04.06.2025 15:49:33,528
1340,8,2,C,04.06.2025 15:52:54,374
1341,33,32,D,04.06.2025 15:58:21,22
1342,16,102,D,04.06.2025 15:58:22,66
1343,44,32,C,04.06.2025 15:58:43,84
1344,24,2,B,04.06.2025 15:59:08,114
1345,25,102,D,04.06.2025 15:59:28,747
1346,54,32,B,04.06.2025 16:00:07,844
1347,35,2,D,04.06.2025 16:01:02,239
1348,51,2,D,04.06.2025 16:05:01,272
1349,66,2,D,04.06.2025 16:09:33,536
1350,43,102,C,04.06.2025 16:11:55,888
1351,73,32,C,04.06.2025 16:14:11,415
1352,76,2,C,04.06.2025 16:18:29,699
1353,28,59,C,04.06.2025 16:25:59,874
1354,52,102,D,04.06.2025 16:26:43,51
1355,60,102,D,04.06.2025 16:27:34,839
1356,16,222,D,04.06.2025 16:30:15,925
1357,29,59,D,04.06.2025 16:40:33,877
1358,70,102,C,04.06.2025 16:41:33,609
1359,25,222,B,04.06.2025 16:45:40,897
1360,71,102,B,04.06.2025 16:51:42,771
1361,30,59,D,04.06.2025 16:55:10,554
1362,82,76,B,04.06.2025 16:59:29,705
1363,43,222,B,04.06.2025 17:00:37,885
1364,31,59,B,04.06.2025 17:04:24,57
1365,32,59,B,04.06.2025 17:05:21,52
1366,33,59,B,04.06.2025 17:06:13,595
1367,83,76,A,04.06.2025 17:11:14,134
1368,84,76,D,04.06.2025 17:13:28,536
1369,52,222,,04.06.2025 17:15:22,
1370,34,59,D,04.06.2025 17:16:08,453
1371,85,76,C,04.06.2025 17:22:24,819
1372,35,59,C,04.06.2025 17:23:41,679
1373,36,59,A,04.06.2025 17:35:00,755
1374,86,76,D,04.06.2025 17:36:03,202
1375,87,76,A,04.06.2025 17:39:25,33
1376,88,76,D,04.06.2025 17:39:58,69
1377,89,76,C,04.06.2025 17:41:07,123
1378,90,76,A,04.06.2025 17:43:10,91
1379,91,76,B,04.06.2025 17:44:41,525
1380,37,59,B,04.06.2025 17:47:35,818
1381,2,155,C,04.06.2025 17:51:06,967
1382,92,76,A,04.06.2025 17:53:26,430
1383,93,76,C,04.06.2025 18:00:36,463
1384,38,59,A,04.06.2025 18:01:13,844
1385,6,155,B,04.06.2025 18:07:13,463
1386,94,76,C,04.06.2025 18:08:19,397
1387,16,104,D,04.06.2025 18:13:31,946
1388,17,155,C,04.06.2025 18:14:56,659
1389,95,76,B,04.06.2025 18:14:56,505
1390,39,59,C,04.06.2025 18:15:17,280
1391,40,59,D,04.06.2025 18:19:57,686
1392,96,76,B,04.06.2025 18:23:21,925
1393,27,155,D,04.06.2025 18:25:55,141
1394,29,155,D,04.06.2025 18:28:16,561
1395,25,104,C,04.06.2025 18:29:17,310
1396,55,72,B,04.06.2025 18:31:05,831
1397,41,59,B,04.06.2025 18:31:23,345
1398,43,104,A,04.06.2025 18:34:27,539
1399,8,138,D,04.06.2025 18:34:52,147
1400,42,59,A,04.06.2025 18:37:08,257
1401,24,138,B,04.06.2025 18:37:19,908
1402,33,155,D,04.06.2025 18:37:37,228
1403,97,76,B,04.06.2025 18:38:46,332
1404,44,155,A,04.06.2025 18:41:25,17
1405,43,59,B,04.06.2025 18:41:25,25
1406,54,155,C,04.06.2025 18:41:42,66
1407,44,59,A,04.06.2025 18:41:50,452
1408,73,155,B,04.06.2025 18:42:48,792
1409,52,104,C,04.06.2025 18:43:26,151
1410,98,76,B,04.06.2025 18:44:18,619
1411,56,72,A,04.06.2025 18:44:56,374
1412,60,104,C,04.06.2025 18:45:57,846
1413,45,59,D,04.06.2025 18:49:22,950
1414,57,72,D,04.06.2025 18:51:10,768
1415,35,138,C,04.06.2025 18:52:27,675
1416,99,76,B,04.06.2025 18:54:37,553
1417,70,104,D,04.06.2025 19:00:03,389
1418,51,138,B,04.06.2025 19:03:42,769
1419,100,76,B,04.06.2025 19:03:50,56
1420,58,72,C,04.06.2025 19:03:58,40
1421,59,72,B,04.06.2025 19:04:38,533
1422,101,76,C,04.06.2025 19:04:46,951
1423,46,59,C,04.06.2025 19:05:12,395
1424,71,104,,04.06.2025 19:06:32,
1425,55,185,C,04.06.2025 19:09:14,737
1426,4,167,D,04.06.2025 19:11:43,742
1427,47,59,D,04.06.2025 19:11:47,253
1428,60,72,C,04.06.2025 19:13:31,238
1429,48,59,D,04.06.2025 19:16:00,479
1430,66,138,A,04.06.2025 19:16:31,42
1431,76,138,A,04.06.2025 19:17:13,723
1432,61,72,A,04.06.2025 19:17:29,623
1433,102,76,B,04.06.2025 19:20:37,914
1434,56,185,D,04.06.2025 19:21:31,259
1435,55,182,C,04.06.2025 19:23:46,122
1436,49,59,B,04.06.2025 19:23:59,834
1437,10,167,B,04.06.2025 19:24:05,808
1438,56,182,B,04.06.2025 19:25:48,65
1439,57,185,A,04.06.2025 19:25:50,952
1440,57,182,D,04.06.2025 19:26:53,482
1441,62,72,C,04.06.2025 19:27:52,79
1442,63,72,C,04.06.2025 19:29:11,67
1443,64,72,D,04.06.2025 19:30:18,30
1444,65,72,B,04.06.2025 19:30:48,261
1445,58,182,D,04.06.2025 19:34:55,282
1446,66,72,A,04.06.2025 19:35:09,854
1447,103,76,C,04.06.2025 19:35:51,905
1448,13,167,B,04.06.2025 19:37:33,575
1449,50,59,C,04.06.2025 19:37:53,245
1450,59,182,B,04.06.2025 19:39:37,428
1451,58,185,A,04.06.2025 19:41:42,486
1452,51,59,A,04.06.2025 19:41:58,644
1453,55,183,B,04.06.2025 19:44:33,215
1454,60,182,B,04.06.2025 19:46:45,296
1455,14,167,A,04.06.2025 19:47:08,895
1456,56,183,A,04.06.2025 19:48:08,632
1457,67,72,D,04.06.2025 19:49:23,195
1458,59,185,B,04.06.2025 19:49:48,813
1459,104,76,A,04.06.2025 19:50:56,875
1460,61,182,B,04.06.2025 19:51:41,495
1461,68,72,B,04.06.2025 19:52:38,615
1462,52,59,A,04.06.2025 19:52:42,798
1463,57,183,D,04.06.2025 19:58:40,895
1464,62,182,A,04.06.2025 19:59:56,468
1465,19,167,B,04.06.2025 20:02:03,800
1466,69,72,C,04.06.2025 20:02:53,174
1467,60,185,B,04.06.2025 20:03:21,176
1468,105,76,D,04.06.2025 20:05:31,230
1469,70,72,B,04.06.2025 20:05:47,658
1470,53,59,D,04.06.2025 20:06:00,509
1471,61,185,C,04.06.2025 20:06:17,579
1472,63,182,D,04.06.2025 20:07:44,456
1473,106,76,A,04.06.2025 20:09:21,263
1474,58,183,D,04.06.2025 20:13:35,779
1475,107,76,D,04.06.2025 20:13:44,197
1476,54,59,A,04.06.2025 20:14:29,165
1477,64,182,D,04.06.2025 20:15:20,882
1478,21,167,A,04.06.2025 20:15:23,73
1479,62,185,A,04.06.2025 20:15:56,978
1480,31,167,B,04.06.2025 20:16:36,97
1481,71,72,B,04.06.2025 20:16:45,391
1482,108,76,B,04.06.2025 20:17:01,328
1483,37,167,D,04.06.2025 20:18:13,163
1484,40,167,B,04.06.2025 20:20:56,922
1485,72,72,D,04.06.2025 20:23:16,334
1486,59,183,B,04.06.2025 20:26:34,979
1487,73,72,D,04.06.2025 20:28:50,565
1488,65,182,A,04.06.2025 20:30:02,543
1489,63,185,A,04.06.2025 20:32:14,41
1490,64,185,A,04.06.2025 20:32:55,932
1491,41,167,D,04.06.2025 20:36:18,467
1492,74,72,A,04.06.2025 20:38:15,423
1493,66,182,B,04.06.2025 20:39:05,782
1494,60,183,B,04.06.2025 20:42:53,645
1495,46,167,B,04.06.2025 20:44:05,322
1496,75,72,B,04.06.2025 20:45:18,892
1497,82,75,A,04.06.2025 20:47:09,130
1498,65,185,D,04.06.2025 20:48:27,445
1499,83,75,C,04.06.2025 20:49:19,354
1500,48,167,D,04.06.2025 20:49:27,295
1501,67,182,B,04.06.2025 20:52:07,584
1502,61,183,D,04.06.2025 20:53:38,74
1503,58,167,A,04.06.2025 20:54:22,153
1504,62,183,C,04.06.2025 20:54:52,79
1505,84,75,A,04.06.2025 20:55:13,932
1506,66,185,C,04.06.2025 20:55:52,109
1507,63,183,A,04.06.2025 20:56:11,878
1508,67,167,A,04.06.2025 20:56:55,103
1509,67,185,A,04.06.2025 20:57:41,529
1510,83,167,B,04.06.2025 20:58:38,608
1511,76,72,A,04.06.2025 21:00:10,417
1512,68,182,B,04.06.2025 21:01:51,13
1513,69,182,C,04.06.2025 21:02:04,879
1514,68,185,A,04.06.2025 21:06:30,73
1515,77,72,C,04.06.2025 21:07:07,912
1516,69,185,B,04.06.2025 21:07:43,82
1517,89,167,C,04.06.2025 21:08:46,466
1518,70,185,D,04.06.2025 21:09:05,842
1519,85,75,C,04.06.2025 21:10:45,162
1520,64,183,A,04.06.2025 21:10:49,911
1521,86,75,C,04.06.2025 21:13:27,255
1522,92,167,C,04.06.2025 21:16:32,695
1523,70,182,D,04.06.2025 21:16:43,832
1524,8,126,C,04.06.2025 21:16:56,624
1525,87,75,D,04.06.2025 21:17:42,379
1526,8,136,D,04.06.2025 21:17:56,728
1527,78,72,C,04.06.2025 21:22:19,589
1528,71,185,A,04.06.2025 21:23:07,286
1529,88,75,D,04.06.2025 21:24:01,583
1530,65,183,B,04.06.2025 21:26:00,711
1531,24,126,D,04.06.2025 21:27:20,527
1532,72,185,A,04.06.2025 21:27:53,704
1533,97,167,B,04.06.2025 21:28:07,683
1534,24,136,A,04.06.2025 21:30:04,565
1535,71,182,C,04.06.2025 21:30:35,82
1536,72,182,A,04.06.2025 21:31:57,756
1537,79,72,C,04.06.2025 21:32:08,745
1538,89,75,B,04.06.2025 21:33:44,223
1539,2,156,C,04.06.2025 21:34:49,240
1540,35,126,D,04.06.2025 21:36:07,847
1541,90,75,B,04.06.2025 21:37:27,741
1542,66,183,D,04.06.2025 21:37:51,975
1543,6,156,C,04.06.2025 21:38:49,625
1544,35,136,D,04.06.2025 21:39:29,794
1545,98,167,D,04.06.2025 21:39:30,423
1546,73,185,D,04.06.2025 21:39:37,504
1547,80,72,D,04.06.2025 21:44:33,18
1548,73,182,D,04.06.2025 21:44:33,97
1549,81,72,D,04.06.2025 21:44:51,943
1550,74,182,C,04.06.2025 21:46:10,318
1551,74,185,A,04.06.2025 21:48:01,657
1552,17,156,B,04.06.2025 21:49:14,194
1553,91,75,A,04.06.2025 21:49:48,285
1554,51,126,A,04.06.2025 21:50:14,977
1555,28,53,C,04.06.2025 21:50:33,642
1556,75,182,B,04.06.2025 21:51:28,251
1557,27,156,D,04.06.2025 21:52:28,295
1558,51,136,C,04.06.2025 21:52:43,652
1559,67,183,D,04.06.2025 21:54:06,381
1560,92,75,A,04.06.2025 21:54:33,701
1561,76,182,A,04.06.2025 21:55:39,256
1562,29,156,A,04.06.2025 21:57:23,89
1563,33,156,A,04.06.2025 21:58:52,486
1564,75,185,D,04.06.2025 21:58:58,778
1565,77,182,C,04.06.2025 21:59:55,310
1566,68,183,B,04.06.2025 22:00:27,136
1567,29,53,A,04.06.2025 22:01:15,409
1568,69,183,A,04.06.2025 22:02:43,209
1569,66,136,B,04.06.2025 22:03:35,882
1570,78,182,D,04.06.2025 22:05:05,343
1571,70,183,B,04.06.2025 22:06:12,100
1572,93,75,C,04.06.2025 22:06:14,980
1573,66,126,C,04.06.2025 22:06:31,370
1574,44,156,D,04.06.2025 22:06:58,310
1575,71,183,D,04.06.2025 22:07:52,379
1576,30,53,A,04.06.2025 22:08:04,69
1577,31,53,C,04.06.2025 22:09:13,990
1578,79,182,D,04.06.2025 22:10:48,607
1579,76,185,A,04.06.2025 22:11:56,832
1580,54,156,B,04.06.2025 22:12:08,187
1581,76,126,A,04.06.2025 22:12:41,296
1582,72,183,B,04.06.2025 22:14:11,555
1583,73,156,A,04.06.2025 22:15:15,584
1584,2,158,A,04.06.2025 22:16:18,814
1585,76,136,B,04.06.2025 22:18:17,242
1586,80,182,B,04.06.2025 22:20:55,384
1587,94,75,C,04.06.2025 22:22:34,362
1588,73,183,B,04.06.2025 22:23:26,222
1589,32,53,D,04.06.2025 22:25:43,865
1590,77,185,C,04.06.2025 22:25:48,732
1591,74,183,C,04.06.2025 22:27:08,642
1592,81,182,C,04.06.2025 22:27:19,804
1593,95,75,C,04.06.2025 22:28:36,921
1594,6,158,C,04.06.2025 22:29:52,110
1595,17,158,C,04.06.2025 22:31:42,978
1596,75,183,D,04.06.2025 22:37:50,184
1597,78,185,D,04.06.2025 22:38:00,668
1598,33,53,C,04.06.2025 22:40:08,889
1599,76,183,A,04.06.2025 22:40:54,700
1600,96,75,D,04.06.2025 22:43:57,682
1601,27,158,D,04.06.2025 22:48:00,934
1602,79,185,C,04.06.2025 22:49:08,798
1603,77,183,D,04.06.2025 22:52:34,802
1604,34,53,B,04.06.2025 22:54:57,97
1605,97,75,A,04.06.2025 22:55:19,19
1606,98,75,B,04.06.2025 22:55:38,953
1607,35,53,B,04.06.2025 22:56:34,210
1608,36,53,A,04.06.2025 23:00:04,120
1609,37,53,C,04.06.2025 23:02:04,271
1610,80,185,B,04.06.2025 23:02:26,204
1611,29,158,C,04.06.2025 23:03:34,142
1612,81,185,D,04.06.2025 23:05:50,830
1613,78,183,C,04.06.2025 23:05:56,768
1614,33,158,D,04.06.2025 23:05:56,145
1615,38,53,D,04.06.2025 23:06:35,806
1616,44,158,C,04.06.2025 23:08:21,284
1617,55,190,A,04.06.2025 23:08:45,937
1618,99,75,D,04.06.2025 23:11:31,774
1619,54,158,A,04.06.2025 23:13:05,414
1620,28,206,D,04.06.2025 23:17:02,862
1621,79,183,D,04.06.2025 23:18:44,503
1622,73,158,C,04.06.2025 23:19:59,374
1623,39,53,B,04.06.2025 23:20:01,235
1624,40,53,B,04.06.2025 23:23:56,368
1625,56,190,B,04.06.2025 23:24:22,149
1626,100,75,C,04.06.2025 23:24:25,179
1627,57,190,D,04.06.2025 23:26:51,174
1628,80,183,D,04.06.2025 23:27:07,731
1629,101,75,C,04.06.2025 23:27:24,10
1630,102,75,D,04.06.2025 23:27:34,46
1631,103,75,C,04.06.2025 23:28:20,541
1632,58,190,A,04.06.2025 23:29:45,305
1633,41,53,A,04.06.2025 23:30:04,665
1634,29,206,D,04.06.2025 23:31:24,629
1635,59,190,A,04.06.2025 23:34:50,565
1636,104,75,B,04.06.2025 23:37:21,84
1637,105,75,B,04.06.2025 23:38:45,724
1638,81,183,B,04.06.2025 23:39:18,950
1639,42,53,B,04.06.2025 23:41:09,300
1640,30,206,A,04.06.2025 23:41:53,694
1641,60,190,D,04.06.2025 23:44:15,265
1642,43,53,C,04.06.2025 23:46:09,396
1643,61,190,D,04.06.2025 23:48:40,396
1644,106,75,B,04.06.2025 23:50:49,540
1645,44,53,C,04.06.2025 23:52:45,517
1646,31,206,A,04.06.2025 23:53:27,801
1647,62,190,C,04.06.2025 23:55:16,719
1648,107,75,D,04.06.2025 23:59:49,664
1649,45,53,D,05.06.2025 0:01:22,687
1650,32,206,C,05.06.2025 0:06:48,99
1651,63,190,A,05.06.2025 0:07:15,340
1652,33,206,B,05.06.2025 0:08:27,768
1653,108,75,B,05.06.2025 0:10:53,47
1654,46,53,C,05.06.2025 0:12:49,689
1655,64,190,D,05.06.2025 0:12:55,709
1656,34,206,C,05.06.2025 0:21:15,774
1657,47,53,B,05.06.2025 0:24:18,888
1658,65,190,B,05.06.2025 0:24:44,936
1659,35,206,D,05.06.2025 0:34:09,1000
1660,48,53,A,05.06.2025 0:39:06,537
1661,66,190,C,05.06.2025 0:40:20,537
1662,49,53,C,05.06.2025 0:48:03,934
1663,67,190,C,05.06.2025 0:49:17,633
1664,36,206,D,05.06.2025 0:50:49,340
1665,82,79,B,05.06.2025 0:55:51,517
1666,37,206,D,05.06.2025 0:56:29,271
1667,68,190,C,05.06.2025 0:59:50,737
1668,38,206,C,05.06.2025 1:01:00,207
1669,50,53,B,05.06.2025 1:03:37,94
1670,39,206,B,05.06.2025 1:04:27,236
1671,83,79,A,05.06.2025 1:04:28,194
1672,51,53,D,05.06.2025 1:05:11,953
1673,84,79,D,05.06.2025 1:07:42,350
1674,40,206,B,05.06.2025 1:08:23,881
1675,69,190,D,05.06.2025 1:12:07,263
1676,85,79,B,05.06.2025 1:13:32,351
1677,70,190,A,05.06.2025 1:16:30,965
1678,86,79,B,05.06.2025 1:19:23,555
1679,52,53,C,05.06.2025 1:21:04,35
1680,53,53,A,05.06.2025 1:21:39,786
1681,41,206,B,05.06.2025 1:23:04,538
1682,87,79,C,05.06.2025 1:28:38,543
1683,42,206,B,05.06.2025 1:32:02,305
1684,71,190,D,05.06.2025 1:32:35,124
1685,72,190,C,05.06.2025 1:34:39,915
1686,54,53,C,05.06.2025 1:34:45,488
1687,43,206,D,05.06.2025 1:37:07,369
1688,88,79,C,05.06.2025 1:37:41,772
1689,44,206,A,05.06.2025 1:43:16,502
1690,73,190,D,05.06.2025 1:49:54,66
1691,89,79,A,05.06.2025 1:50:33,778
1692,74,190,D,05.06.2025 1:51:00,196
1693,45,206,B,05.06.2025 1:51:38,302
1694,75,190,A,05.06.2025 1:54:16,519
1695,46,206,C,05.06.2025 1:56:40,790
1696,76,190,C,05.06.2025 2:02:55,163
1697,90,79,B,05.06.2025 2:03:31,435
1698,77,190,B,05.06.2025 2:05:38,46
1699,78,190,D,05.06.2025 2:06:24,463
1700,47,206,D,05.06.2025 2:09:50,449
1701,91,79,C,05.06.2025 2:10:46,94
1702,92,79,D,05.06.2025 2:12:20,852
1703,79,190,A,05.06.2025 2:14:07,593
1704,48,206,A,05.06.2025 2:17:19,765
1705,80,190,A,05.06.2025 2:24:00,524
1706,93,79,B,05.06.2025 2:26:32,913
1707,49,206,D,05.06.2025 2:30:04,38
1708,50,206,B,05.06.2025 2:30:42,474
1709,81,190,B,05.06.2025 2:32:44,560
1710,51,206,A,05.06.2025 2:38:36,873
1711,94,79,B,05.06.2025 2:41:45,53
1712,95,79,A,05.06.2025 2:42:38,844
1713,52,206,D,05.06.2025 2:53:09,36
1714,53,206,C,05.06.2025 2:53:45,704
1715,96,79,C,05.06.2025 2:56:42,87
1716,97,79,C,05.06.2025 2:58:09,150
1717,98,79,B,05.06.2025 3:00:39,174
1718,99,79,D,05.06.2025 3:03:33,711
1719,54,206,A,05.06.2025 3:05:29,361
1720,100,79,C,05.06.2025 3:15:24,870
1721,101,79,B,05.06.2025 3:29:54,152
1722,102,79,C,05.06.2025 3:32:26,158
1723,103,79,A,05.06.2025 3:35:04,829
1724,104,79,A,05.06.2025 3:48:53,465
1725,105,79,D,05.06.2025 3:56:38,850
1726,106,79,C,05.06.2025 4:10:48,293
1727,107,79,D,05.06.2025 4:15:41,151
1728,82,77,B,05.06.2025 4:17:09,261
1729,108,79,C,05.06.2025 4:18:12,247
1730,83,77,D,05.06.2025 4:21:30,479
1731,84,77,B,05.06.2025 4:29:29,419
1732,85,77,A,05.06.2025 4:36:28,444
1733,86,77,A,05.06.2025 4:43:52,649
1734,87,77,B,05.06.2025 4:54:41,64
1735,88,77,A,05.06.2025 4:55:45,491
1736,89,77,C,05.06.2025 5:03:56,482
1737,90,77,A,05.06.2025 5:11:58,452
1738,91,77,B,05.06.2025 5:19:30,821
1739,92,77,C,05.06.2025 5:33:11,459
1740,93,77,B,05.06.2025 5:40:50,30
1741,94,77,D,05.06.2025 5:41:20,623
1742,95,77,B,05.06.2025 5:51:43,852
1743,96,77,D,05.06.2025 6:05:55,80
1744,97,77,C,05.06.2025 6:07:15,524
1745,98,77,D,05.06.2025 6:15:59,20
1746,99,77,A,05.06.2025 6:16:19,977
1747,100,77,C,05.06.2025 6:32:36,878
1748,101,77,D,05.06.2025 6:47:14,382
1749,102,77,A,05.06.2025 6:53:36,806
1750,103,77,D,05.06.2025 7:07:02,599
1751,16,228,A,05.06.2025 7:10:34,338
1752,25,228,B,05.06.2025 7:16:12,329
1753,104,77,B,05.06.2025 7:17:01,158
1754,105,77,A,05.06.2025 7:19:39,282
1755,43,228,A,05.06.2025 7:21:41,758
1756,106,77,C,05.06.2025 7:24:21,821
1757,52,228,B,05.06.2025 7:34:19,173
1758,60,228,C,05.06.2025 7:37:12,452
1759,107,77,B,05.06.2025 7:38:02,950
1760,82,199,C,05.06.2025 7:40:26,948
1761,70,228,C,05.06.2025 7:44:44,769
1762,108,77,D,05.06.2025 7:53:52,652
1763,83,199,D,05.06.2025 7:56:14,487
1764,71,228,C,05.06.2025 7:57:33,412
1765,84,199,A,05.06.2025 8:04:21,231
1766,82,81,B,05.06.2025 8:05:34,985
1767,85,199,A,05.06.2025 8:08:12,418
1768,86,199,A,05.06.2025 8:15:10,812
1769,83,81,B,05.06.2025 8:21:59,896
1770,87,199,B,05.06.2025 8:28:42,246
1771,88,199,D,05.06.2025 8:32:48,643
1772,84,81,B,05.06.2025 8:36:55,189
1773,85,81,D,05.06.2025 8:40:04,319
1774,89,199,B,05.06.2025 8:43:31,910
1775,86,81,D,05.06.2025 8:45:23,416
1776,87,81,A,05.06.2025 8:52:19,334
1777,88,81,C,05.06.2025 8:57:53,335
1778,90,199,D,05.06.2025 8:58:41,412
1779,89,81,D,05.06.2025 9:03:28,366
1780,91,199,A,05.06.2025 9:05:33,113
1781,92,199,A,05.06.2025 9:07:26,495
1782,90,81,A,05.06.2025 9:09:34,493
1783,93,199,A,05.06.2025 9:15:41,965
1784,91,81,A,05.06.2025 9:17:47,813
1785,92,81,B,05.06.2025 9:31:20,324
1786,94,199,C,05.06.2025 9:31:46,933
1787,93,81,A,05.06.2025 9:36:44,488
1788,94,81,C,05.06.2025 9:44:52,888
1789,95,199,B,05.06.2025 9:47:19,751
1790,95,81,B,05.06.2025 9:59:40,50
1791,96,199,D,05.06.2025 9:59:50,543
1792,96,81,C,05.06.2025 10:00:30,719
1793,4,169,A,05.06.2025 10:01:36,503
1794,97,199,B,05.06.2025 10:08:53,582
1795,8,134,D,05.06.2025 10:09:40,153
1796,55,186,D,05.06.2025 10:09:45,748
1797,10,169,D,05.06.2025 10:09:59,18
1798,13,169,A,05.06.2025 10:10:17,247
1799,24,134,D,05.06.2025 10:12:13,905
1800,97,81,C,05.06.2025 10:12:29,12
1801,98,81,D,05.06.2025 10:12:41,737
1802,14,169,D,05.06.2025 10:14:24,839
1803,98,199,,05.06.2025 10:18:35,
1804,56,186,D,05.06.2025 10:22:13,77
1805,57,186,A,05.06.2025 10:23:30,185
1806,99,81,A,05.06.2025 10:24:58,216
1807,58,186,A,05.06.2025 10:26:35,379
1808,35,134,B,05.06.2025 10:27:18,763
1809,19,169,A,05.06.2025 10:28:23,538
1810,100,81,C,05.06.2025 10:28:34,225
1811,101,81,A,05.06.2025 10:32:19,158
1812,59,186,C,05.06.2025 10:32:54,179
1813,102,81,D,05.06.2025 10:34:57,166
1814,60,186,B,05.06.2025 10:35:53,332
1815,28,171,C,05.06.2025 10:37:08,986
1816,21,169,C,05.06.2025 10:37:21,43
1817,103,81,C,05.06.2025 10:37:43,821
1818,31,169,A,05.06.2025 10:38:04,337
1819,51,134,,05.06.2025 10:40:01,
1820,61,186,D,05.06.2025 10:41:25,12
1821,62,186,D,05.06.2025 10:41:37,507
1822,37,169,D,05.06.2025 10:43:41,273
1823,40,169,C,05.06.2025 10:48:14,426
1824,63,186,A,05.06.2025 10:50:04,497
1825,104,81,B,05.06.2025 10:51:24,614
1826,29,171,A,05.06.2025 10:53:34,847
1827,41,169,A,05.06.2025 10:55:20,801
1828,64,186,C,05.06.2025 10:58:21,468
1829,105,81,B,05.06.2025 11:01:38,380
1830,65,186,C,05.06.2025 11:06:09,326
1831,30,171,B,05.06.2025 11:07:41,539
1832,106,81,C,05.06.2025 11:07:58,314
1833,46,169,D,05.06.2025 11:08:41,368
1834,66,186,D,05.06.2025 11:11:35,555
1835,107,81,D,05.06.2025 11:13:12,415
1836,48,169,A,05.06.2025 11:14:49,495
1837,55,71,A,05.06.2025 11:15:08,400
1838,31,171,B,05.06.2025 11:16:40,959
1839,108,81,A,05.06.2025 11:20:07,378
1840,67,186,A,05.06.2025 11:20:50,889
1841,56,71,A,05.06.2025 11:21:48,441
1842,58,169,B,05.06.2025 11:23:04,815
1843,57,71,D,05.06.2025 11:29:09,446
1844,32,171,B,05.06.2025 11:32:39,694
1845,8,8,C,05.06.2025 11:34:26,909
1846,68,186,B,05.06.2025 11:35:39,548
1847,58,71,D,05.06.2025 11:36:35,377
1848,67,169,C,05.06.2025 11:36:39,326
1849,83,169,D,05.06.2025 11:42:05,809
1850,59,71,C,05.06.2025 11:42:52,408
1851,33,171,D,05.06.2025 11:44:13,136
1852,69,186,A,05.06.2025 11:44:47,868
1853,34,171,A,05.06.2025 11:46:29,127
1854,35,171,D,05.06.2025 11:48:36,90
1855,24,8,B,05.06.2025 11:49:35,436
1856,60,71,,05.06.2025 11:49:40,
1857,36,171,A,05.06.2025 11:50:06,985
1858,89,169,B,05.06.2025 11:55:34,765
1859,35,8,,05.06.2025 11:56:51,
1860,70,186,C,05.06.2025 11:59:15,998
1861,37,171,A,05.06.2025 12:06:31,925
1862,92,169,D,05.06.2025 12:08:19,639
1863,71,186,C,05.06.2025 12:15:53,729
1864,97,169,C,05.06.2025 12:18:58,957
1865,38,171,D,05.06.2025 12:21:56,422
1866,72,186,,05.06.2025 12:28:02,
1867,39,171,D,05.06.2025 12:28:58,615
1868,98,169,D,05.06.2025 12:34:55,857
1869,2,37,D,05.06.2025 12:39:09,348
1870,40,171,D,05.06.2025 12:39:13,117
1871,41,171,C,05.06.2025 12:41:10,809
1872,6,37,A,05.06.2025 12:44:57,28
1873,17,37,D,05.06.2025 12:45:25,293
1874,27,37,C,05.06.2025 12:50:18,514
1875,42,171,B,05.06.2025 12:54:39,183
1876,43,171,D,05.06.2025 12:57:42,430
1877,29,37,B,05.06.2025 12:58:52,740
1878,44,171,A,05.06.2025 13:04:52,759
1879,8,4,B,05.06.2025 13:10:27,228
1880,33,37,B,05.06.2025 13:11:12,342
1881,24,4,D,05.06.2025 13:14:15,39
1882,35,4,,05.06.2025 13:14:54,
1883,44,37,B,05.06.2025 13:16:54,438
1884,45,171,B,05.06.2025 13:17:31,514
1885,54,37,D,05.06.2025 13:24:12,539
1886,46,171,C,05.06.2025 13:26:05,950
1887,55,191,C,05.06.2025 13:26:08,171
1888,56,191,D,05.06.2025 13:28:59,345
1889,73,37,C,05.06.2025 13:33:11,712
1890,57,191,A,05.06.2025 13:34:44,495
1891,47,171,D,05.06.2025 13:41:55,455
1892,58,191,A,05.06.2025 13:42:59,296
1893,59,191,D,05.06.2025 13:47:55,459
1894,48,171,D,05.06.2025 13:49:30,113
1895,49,171,C,05.06.2025 13:51:23,240
1896,55,189,B,05.06.2025 13:54:05,460
1897,50,171,B,05.06.2025 13:55:23,971
1898,60,191,A,05.06.2025 13:55:34,197
1899,55,67,,05.06.2025 13:57:56,
1900,56,67,B,05.06.2025 13:57:56,705
1901,61,191,C,05.06.2025 13:58:51,890
1902,56,189,B,05.06.2025 14:01:45,857
1903,55,68,D,05.06.2025 14:03:12,582
1904,57,67,D,05.06.2025 14:09:41,106
1905,58,67,A,05.06.2025 14:11:27,532
1906,51,171,A,05.06.2025 14:11:34,445
1907,56,68,D,05.06.2025 14:12:54,976
1908,62,191,A,05.06.2025 14:13:41,881
1909,57,189,B,05.06.2025 14:16:02,304
1910,52,171,B,05.06.2025 14:18:59,265
1911,59,67,A,05.06.2025 14:20:19,523
1912,58,189,B,05.06.2025 14:21:06,791
1913,53,171,D,05.06.2025 14:23:24,139
1914,54,171,C,05.06.2025 14:25:43,559
1915,63,191,C,05.06.2025 14:28:22,440
1916,60,67,D,05.06.2025 14:29:02,565
1917,57,68,B,05.06.2025 14:29:10,751
1918,59,189,C,05.06.2025 14:34:17,854
1919,64,191,D,05.06.2025 14:35:42,856
1920,61,67,C,05.06.2025 14:38:27,845
1921,58,68,D,05.06.2025 14:41:41,651
1922,60,189,A,05.06.2025 14:48:31,486
1923,65,191,C,05.06.2025 14:49:58,501
1924,59,68,A,05.06.2025 14:52:32,669
1925,62,67,A,05.06.2025 14:52:32,506
1926,61,189,A,05.06.2025 14:56:37,188
1927,66,191,C,05.06.2025 14:58:19,895
1928,62,189,D,05.06.2025 14:59:45,550
1929,63,67,C,05.06.2025 15:00:58,75
1930,64,67,A,05.06.2025 15:02:13,698
1931,60,68,B,05.06.2025 15:03:41,228
1932,61,68,D,05.06.2025 15:07:29,329
1933,55,65,A,05.06.2025 15:08:41,237
1934,63,189,C,05.06.2025 15:08:55,989
1935,56,65,C,05.06.2025 15:12:38,466
1936,62,68,C,05.06.2025 15:12:58,513
1937,67,191,D,05.06.2025 15:13:14,931
1938,65,67,B,05.06.2025 15:13:51,904
1939,57,65,C,05.06.2025 15:20:24,437
1940,63,68,C,05.06.2025 15:21:31,57
1941,64,68,B,05.06.2025 15:22:28,841
1942,64,189,A,05.06.2025 15:25:24,981
1943,58,65,B,05.06.2025 15:27:41,698
1944,68,191,D,05.06.2025 15:28:45,984
1945,66,67,D,05.06.2025 15:28:55,134
1946,67,67,D,05.06.2025 15:31:09,738
1947,65,68,B,05.06.2025 15:36:29,508
1948,59,65,D,05.06.2025 15:39:19,268
1949,65,189,B,05.06.2025 15:41:45,796
1950,68,67,A,05.06.2025 15:43:27,101
1951,60,65,A,05.06.2025 15:43:47,782
1952,66,68,B,05.06.2025 15:44:57,907
1953,69,67,A,05.06.2025 15:45:08,232
1954,69,191,B,05.06.2025 15:45:09,863
1955,2,151,C,05.06.2025 15:45:40,540
1956,70,67,B,05.06.2025 15:49:00,897
1957,6,151,D,05.06.2025 15:54:40,840
1958,66,189,C,05.06.2025 15:55:01,585
1959,55,184,C,05.06.2025 15:55:26,1000
1960,61,65,C,05.06.2025 15:56:49,326
1961,70,191,C,05.06.2025 15:59:32,823
1962,67,68,,05.06.2025 16:00:04,
1963,62,65,D,05.06.2025 16:02:15,723
1964,71,67,D,05.06.2025 16:03:57,423
1965,67,189,D,05.06.2025 16:04:46,691
1966,17,151,A,05.06.2025 16:08:40,475
1967,72,67,A,05.06.2025 16:11:00,851
1968,56,184,B,05.06.2025 16:12:06,891
1969,71,191,B,05.06.2025 16:13:15,187
1970,63,65,A,05.06.2025 16:14:18,13
1971,64,65,A,05.06.2025 16:14:31,442
1972,68,189,C,05.06.2025 16:16:17,260
1973,72,191,D,05.06.2025 16:16:22,515
1974,27,151,C,05.06.2025 16:16:35,176
1975,29,151,C,05.06.2025 16:19:31,840
1976,69,189,A,05.06.2025 16:20:37,384
1977,65,65,A,05.06.2025 16:21:53,869
1978,73,191,D,05.06.2025 16:24:57,20
1979,73,67,A,05.06.2025 16:25:11,646
1980,74,191,C,05.06.2025 16:25:17,690
1981,57,184,B,05.06.2025 16:26:57,181
1982,70,189,B,05.06.2025 16:27:01,126
1983,71,189,A,05.06.2025 16:29:07,591
1984,58,184,B,05.06.2025 16:29:58,906
1985,33,151,,05.06.2025 16:33:31,
1986,74,67,D,05.06.2025 16:35:57,182
1987,66,65,B,05.06.2025 16:36:22,737
1988,75,191,C,05.06.2025 16:36:47,217
1989,55,181,D,05.06.2025 16:37:51,411
1990,72,189,B,05.06.2025 16:38:58,191
1991,75,67,C,05.06.2025 16:38:59,306
1992,76,191,A,05.06.2025 16:40:24,237
1993,73,189,C,05.06.2025 16:42:09,286
1994,76,67,A,05.06.2025 16:44:05,866
1995,77,191,C,05.06.2025 16:44:21,656
1996,56,181,A,05.06.2025 16:44:42,484
1997,59,184,A,05.06.2025 16:45:04,114
1998,74,189,D,05.06.2025 16:46:55,738
1999,60,184,C,05.06.2025 16:46:58,442
2000,67,65,D,05.06.2025 16:48:39,162
2001,68,65,B,05.06.2025 16:51:21,37
2002,69,65,B,05.06.2025 16:51:58,984
2003,57,181,A,05.06.2025 16:52:46,242
2004,61,184,C,05.06.2025 16:54:20,330
2005,78,191,B,05.06.2025 16:55:17,324
2006,58,181,C,05.06.2025 16:56:48,931
2007,77,67,,05.06.2025 16:58:31,
2008,75,189,A,05.06.2025 16:59:13,596
2009,62,184,C,05.06.2025 16:59:50,500
2010,79,191,D,05.06.2025 17:00:41,695
2011,16,226,B,05.06.2025 17:05:06,391
2012,63,184,C,05.06.2025 17:08:10,161
2013,70,65,B,05.06.2025 17:08:22,260
2014,76,189,C,05.06.2025 17:09:09,369
2015,2,36,B,05.06.2025 17:09:20,687
2016,64,184,D,05.06.2025 17:10:51,568
2017,25,226,B,05.06.2025 17:11:37,810
2018,80,191,D,05.06.2025 17:12:16,358
2019,59,181,D,05.06.2025 17:12:19,922
2020,71,65,C,05.06.2025 17:12:42,257
2021,77,189,D,05.06.2025 17:15:18,540
2022,72,65,D,05.06.2025 17:16:59,291
2023,81,191,,05.06.2025 17:18:14,
2024,65,184,A,05.06.2025 17:20:19,302
2025,6,36,B,05.06.2025 17:20:47,451
2026,73,65,B,05.06.2025 17:21:50,805
2027,78,189,A,05.06.2025 17:24:18,909
2028,43,226,A,05.06.2025 17:25:07,218
2029,66,184,C,05.06.2025 17:25:21,531
2030,60,181,A,05.06.2025 17:27:41,492
2031,17,36,C,05.06.2025 17:28:18,87
2032,55,63,B,05.06.2025 17:28:31,214
2033,52,226,B,05.06.2025 17:28:45,11
2034,60,226,C,05.06.2025 17:28:56,438
2035,27,36,D,05.06.2025 17:29:45,739
2036,56,63,D,05.06.2025 17:32:05,393
2037,55,73,B,05.06.2025 17:34:12,962
2038,67,184,D,05.06.2025 17:34:12,750
2039,8,16,A,05.06.2025 17:34:51,578
2040,74,65,D,05.06.2025 17:35:15,349
2041,61,181,D,05.06.2025 17:35:53,912
2042,70,226,B,05.06.2025 17:36:14,713
2043,57,63,B,05.06.2025 17:38:38,521
2044,79,189,C,05.06.2025 17:39:27,144
2045,75,65,B,05.06.2025 17:41:04,769
2046,80,189,D,05.06.2025 17:41:51,737
2047,29,36,B,05.06.2025 17:42:04,912
2048,24,16,D,05.06.2025 17:44:29,936
2049,68,184,D,05.06.2025 17:46:42,359
2050,58,63,C,05.06.2025 17:47:19,584
2051,71,226,D,05.06.2025 17:48:07,837
2052,2,34,C,05.06.2025 17:48:19,835
2053,56,73,D,05.06.2025 17:50:14,986
2054,62,181,A,05.06.2025 17:51:05,581
2055,69,184,A,05.06.2025 17:52:41,691
2056,76,65,,05.06.2025 17:53:53,
2057,81,189,A,05.06.2025 17:54:08,283
2058,59,63,A,05.06.2025 17:57:03,462
2059,33,36,C,05.06.2025 17:57:16,936
2060,35,16,A,05.06.2025 18:00:05,534
2061,63,181,C,05.06.2025 18:00:46,117
2062,6,34,B,05.06.2025 18:02:14,503
2063,64,181,B,05.06.2025 18:02:43,86
2064,65,181,C,05.06.2025 18:04:09,46
2065,70,184,C,05.06.2025 18:04:12,699
2066,60,63,A,05.06.2025 18:04:45,982
2067,66,181,B,05.06.2025 18:04:55,904
2068,57,73,D,05.06.2025 18:06:40,191
2069,8,124,D,05.06.2025 18:08:26,36
2070,51,16,,05.06.2025 18:08:59,
2071,24,124,A,05.06.2025 18:09:02,733
2072,58,73,D,05.06.2025 18:09:51,156
2073,17,34,D,05.06.2025 18:10:37,644
2074,59,73,D,05.06.2025 18:12:27,92
2075,44,36,,05.06.2025 18:12:52,
2076,60,73,B,05.06.2025 18:13:59,223
2077,71,184,D,05.06.2025 18:15:51,161
2078,61,73,A,05.06.2025 18:17:42,320
2079,72,184,A,05.06.2025 18:18:32,159
2080,67,181,A,05.06.2025 18:19:59,867
2081,61,63,B,05.06.2025 18:21:07,915
2082,73,184,D,05.06.2025 18:21:11,21
2083,35,124,B,05.06.2025 18:21:15,727
2084,27,34,A,05.06.2025 18:21:21,933
2085,74,184,C,05.06.2025 18:21:32,353
2086,62,73,D,05.06.2025 18:23:02,217
2087,63,73,B,05.06.2025 18:26:39,957
2088,75,184,C,05.06.2025 18:27:25,60
2089,2,149,C,05.06.2025 18:28:07,561
2090,76,184,C,05.06.2025 18:28:25,184
2091,77,184,A,05.06.2025 18:31:29,613
2092,51,124,D,05.06.2025 18:33:22,429
2093,68,181,D,05.06.2025 18:34:26,234
2094,62,63,D,05.06.2025 18:36:22,812
2095,29,34,D,05.06.2025 18:36:54,600
2096,6,149,C,05.06.2025 18:37:28,958
2097,69,181,D,05.06.2025 18:38:20,540
2098,66,124,B,05.06.2025 18:40:31,899
2099,78,184,A,05.06.2025 18:41:42,853
2100,64,73,A,05.06.2025 18:42:36,868
2101,33,34,B,05.06.2025 18:46:54,114
2102,70,181,B,05.06.2025 18:47:20,42
2103,71,181,,05.06.2025 18:48:02,
2104,44,34,B,05.06.2025 18:48:48,405
2105,63,63,B,05.06.2025 18:49:54,610
2106,17,149,D,05.06.2025 18:53:26,648
2107,76,124,C,05.06.2025 18:55:30,324
2108,54,34,C,05.06.2025 18:55:33,287
2109,79,184,D,05.06.2025 18:55:55,645
2110,65,73,D,05.06.2025 18:57:04,768
2111,64,63,B,05.06.2025 19:00:04,16
2112,73,34,A,05.06.2025 19:00:20,955
2113,65,63,A,05.06.2025 19:00:20,162
2114,66,63,A,05.06.2025 19:03:02,98
2115,27,149,B,05.06.2025 19:04:14,786
2116,67,63,C,05.06.2025 19:04:40,252
2117,80,184,B,05.06.2025 19:06:40,310
2118,68,63,C,05.06.2025 19:08:52,765
2119,66,73,B,05.06.2025 19:09:52,569
2120,81,184,C,05.06.2025 19:11:50,729
2121,2,150,C,05.06.2025 19:13:36,322
2122,29,149,D,05.06.2025 19:17:20,82
2123,33,149,C,05.06.2025 19:18:42,717
2124,6,150,C,05.06.2025 19:18:58,892
2125,67,73,A,05.06.2025 19:19:21,988
2126,69,63,A,05.06.2025 19:21:37,190
2127,70,63,D,05.06.2025 19:24:47,321
2128,71,63,A,05.06.2025 19:30:08,641
2129,44,149,A,05.06.2025 19:30:39,512
2130,8,120,A,05.06.2025 19:33:30,386
2131,17,150,B,05.06.2025 19:33:50,684
2132,8,18,B,05.06.2025 19:34:14,272
2133,68,73,C,05.06.2025 19:35:49,16
2134,69,73,A,05.06.2025 19:36:05,18
2135,70,73,C,05.06.2025 19:36:23,305
2136,24,18,C,05.06.2025 19:38:46,334
2137,54,149,C,05.06.2025 19:39:11,584
2138,24,120,,05.06.2025 19:39:56,
2139,72,63,B,05.06.2025 19:40:49,285
2140,71,73,C,05.06.2025 19:41:28,709
2141,35,18,C,05.06.2025 19:44:20,822
2142,27,150,D,05.06.2025 19:45:14,981
2143,73,63,A,05.06.2025 19:45:34,318
2144,73,149,C,05.06.2025 19:48:55,376
2145,74,63,A,05.06.2025 19:50:52,442
2146,8,128,C,05.06.2025 19:51:32,550
2147,72,73,C,05.06.2025 19:53:17,138
2148,73,73,B,05.06.2025 19:55:35,246
2149,51,18,D,05.06.2025 19:58:02,526
2150,75,63,A,05.06.2025 19:58:14,613
2151,74,73,A,05.06.2025 19:59:41,433
2152,24,128,A,05.06.2025 20:00:42,870
2153,29,150,B,05.06.2025 20:01:35,384
2154,66,18,D,05.06.2025 20:06:48,665
2155,75,73,B,05.06.2025 20:06:54,240
2156,33,150,B,05.06.2025 20:07:59,295
2157,76,63,B,05.06.2025 20:08:27,501
2158,76,73,D,05.06.2025 20:10:54,294
2159,44,150,D,05.06.2025 20:12:54,445
2160,35,128,C,05.06.2025 20:15:12,1000
2161,77,73,D,05.06.2025 20:15:48,691
2162,2,153,C,05.06.2025 20:16:42,350
2163,77,63,A,05.06.2025 20:16:48,830
2164,76,18,D,05.06.2025 20:17:53,666
2165,54,150,A,05.06.2025 20:20:19,842
2166,78,73,C,05.06.2025 20:27:19,568
2167,78,63,C,05.06.2025 20:30:38,490
2168,51,128,B,05.06.2025 20:31:52,698
2169,8,122,B,05.06.2025 20:34:02,111
2170,73,150,A,05.06.2025 20:34:21,409
2171,2,35,A,05.06.2025 20:34:32,121
2172,6,35,B,05.06.2025 20:36:33,586
2173,79,73,,05.06.2025 20:36:47,
2174,79,63,C,05.06.2025 20:38:48,890
2175,66,128,B,05.06.2025 20:43:30,118
2176,76,128,B,05.06.2025 20:45:28,944
2177,17,35,C,05.06.2025 20:46:19,318
2178,8,20,D,05.06.2025 20:48:05,994
2179,27,35,D,05.06.2025 20:51:37,462
2180,16,114,C,05.06.2025 20:53:10,610
2181,80,63,D,05.06.2025 20:53:38,52
2182,81,63,,05.06.2025 20:54:30,
2183,55,70,B,05.06.2025 20:56:41,751
2184,29,35,A,05.06.2025 20:59:19,395
2185,25,114,B,05.06.2025 21:03:20,832
2186,24,20,D,05.06.2025 21:04:39,927
2187,2,33,C,05.06.2025 21:04:53,777
2188,33,35,B,05.06.2025 21:05:54,549
2189,56,70,C,05.06.2025 21:09:12,298
2190,57,70,B,05.06.2025 21:14:10,90
2191,44,35,B,05.06.2025 21:15:03,669
2192,58,70,D,05.06.2025 21:15:40,533
2193,43,114,C,05.06.2025 21:17:12,70
2194,6,33,C,05.06.2025 21:17:50,313
2195,52,114,A,05.06.2025 21:18:22,821
2196,35,20,C,05.06.2025 21:20:06,821
2197,17,33,A,05.06.2025 21:23:03,78
2198,27,33,A,05.06.2025 21:24:21,265
2199,59,70,A,05.06.2025 21:24:33,741
2200,54,35,B,05.06.2025 21:26:12,492
2201,29,33,D,05.06.2025 21:28:46,405
2202,60,114,C,05.06.2025 21:32:03,709
2203,51,20,B,05.06.2025 21:33:47,242
2204,73,35,A,05.06.2025 21:34:24,623
2205,33,33,C,05.06.2025 21:35:31,75
2206,44,33,D,05.06.2025 21:36:46,472
2207,60,70,,05.06.2025 21:36:54,
2208,66,20,C,05.06.2025 21:37:49,266
2209,76,20,C,05.06.2025 21:42:15,53
2210,70,114,D,05.06.2025 21:43:52,47
2211,54,33,B,05.06.2025 21:44:38,759
2212,71,114,D,05.06.2025 21:44:39,13
2213,28,58,D,05.06.2025 21:48:17,97
2214,29,58,C,05.06.2025 21:49:54,724
2215,73,33,A,05.06.2025 21:57:17,348
2216,30,58,B,05.06.2025 22:01:58,998
2217,31,58,,05.06.2025 22:18:36,